Symbol,Sample Time,Open,High,Low,Close,Volume,HighShort,LowLong,LowShort
NQ=F,1/20/2015 5:00,4138.75,4175.25,4109,4167,347445,63,37,60
NQ=F,1/21/2015 5:00,4166,4205.25,4137,4182.75,327200,65,35,62
NQ=F,1/22/2015 5:00,4183.75,4269,4164.5,4264.75,338354,64,36,58
NQ=F,1/23/2015 5:00,4265.5,4286.25,4250.25,4267,227200,63,37,55
NQ=F,1/26/2015 5:00,4249.5,4278.25,4231.5,4269.25,187612,63,37,62
NQ=F,1/27/2015 5:00,4266.75,4271,4142.75,4177.5,363818,62,38,49
NQ=F,1/28/2015 5:00,4206,4234.5,4119.5,4124.25,363115,60,40,50
NQ=F,1/29/2015 5:00,4125,4199.75,4095.75,4185.75,358572,61,39,56
NQ=F,1/30/2015 5:00,4203.5,4208,4136,4141.25,345604,63,37,58
NQ=F,2/2/2015 5:00,4143.5,4188,4085.5,4185.5,353848,61,39,56
NQ=F,2/3/2015 5:00,4180.75,4222.75,4165.75,4216.25,283374,60,40,60
NQ=F,2/4/2015 5:00,4207.75,4243,4187.5,4204,269497,62,38,58
NQ=F,2/5/2015 5:00,4191,4254.75,4181.5,4247.5,200569,62,38,59
NQ=F,2/6/2015 5:00,4251,4268.25,4209.75,4227.5,253335,63,37,60
NQ=F,2/9/2015 5:00,4226.5,4232,4201.5,4214.25,198223,63,37,55
NQ=F,2/10/2015 5:00,4219,4284,4211,4276,225792,61,39,56
NQ=F,2/11/2015 5:00,4278.25,4322,4271,4296.5,207031,61,39,60
NQ=F,2/12/2015 5:00,4308.5,4346.5,4285.75,4344.75,219353,60,40,59
NQ=F,2/13/2015 5:00,4342.75,4382,4340.75,4377,190386,61,39,56
NQ=F,2/17/2015 5:00,4373.5,4388.5,4364.5,4381.75,194620,59,41,55
NQ=F,2/18/2015 5:00,4384.5,4393.5,4373.75,4386,146465,60,40,55
NQ=F,2/19/2015 5:00,4390.25,4417.25,4376,4413.25,168236,61,39,57
NQ=F,2/20/2015 5:00,4416.25,4445,4396,4438,235154,58,42,57
NQ=F,2/23/2015 5:00,4439.75,4449.25,4429.75,4444.5,133132,57,43,55
NQ=F,2/24/2015 5:00,4445.25,4455.75,4427,4450.25,163047,63,37,55
NQ=F,2/25/2015 5:00,4449.25,4461,4429.25,4436.75,173941,64,36,60
NQ=F,2/26/2015 5:00,4438.5,4464.75,4431,4461.75,193611,64,36,61
NQ=F,2/27/2015 5:00,4460.5,4462.75,4435,4442.5,173304,66,34,62
NQ=F,3/2/2015 5:00,4447,4483.25,4446.25,4477,185330,66,34,65
NQ=F,3/3/2015 5:00,4479,4479,4432.5,4456.5,198589,67,33,63
NQ=F,3/4/2015 5:00,4458.25,4458.25,4419.25,4444.25,210995,67,33,64
NQ=F,3/5/2015 5:00,4444.25,4464.75,4432.75,4449.5,185176,69,31,66
NQ=F,3/6/2015 5:00,4451.5,4460.5,4389.25,4405,296605,69,31,66
NQ=F,3/9/2015 4:00,4411.75,4424.75,4391.75,4413.5,217756,67,33,66
NQ=F,3/10/2015 4:00,4415.25,4415.75,4328.5,4331.25,313249,66,34,66
NQ=F,3/11/2015 4:00,4334.25,4347.5,4304.25,4307.5,260964,66,34,65
NQ=F,3/12/2015 4:00,4312.5,4339.5,4298.75,4330.75,269241,66,34,62
NQ=F,3/13/2015 4:00,4331.75,4347.5,4288.25,4308.75,218259,63,37,60
NQ=F,3/16/2015 4:00,4313.5,4372.75,4299.5,4359.5,119758,66,34,62
NQ=F,3/17/2015 4:00,4355.5,4384.75,4348.75,4377.75,118898,69,31,65
NQ=F,3/18/2015 4:00,4377.25,4441.5,4343.25,4427.25,75864,69,31,69
NQ=F,3/19/2015 4:00,4427.5,4441.75,4419.5,4429.5,39157,70,30,68
NQ=F,3/20/2015 4:00,4426.25,4467.25,4424.25,4461.25,210568,70,30,67
NQ=F,3/23/2015 4:00,4448.5,4461.25,4436,4436.75,149739,68,32,64
NQ=F,3/24/2015 4:00,4436.5,4461,4424.25,4429,184226,67,33,66
NQ=F,3/25/2015 4:00,4429.25,4438.5,4320,4323.5,320355,67,33,65
NQ=F,3/26/2015 4:00,4327,4331,4270,4310.75,356229,66,34,64
NQ=F,3/27/2015 4:00,4313,4333.5,4297.25,4325.75,209529,64,36,61
NQ=F,3/30/2015 4:00,4327.5,4381.75,4315.75,4372.5,202012,65,35,62
NQ=F,3/31/2015 4:00,4370,4375.75,4320.75,4329.5,224928,67,33,63
NQ=F,4/1/2015 4:00,4321.75,4334.25,4259,4313,311506,68,32,67
NQ=F,4/2/2015 4:00,4316.75,4321,4288.5,4307.25,168845,69,31,65
NQ=F,4/6/2015 4:00,4265,4354.75,4264.5,4342.25,154026,67,33,67
NQ=F,4/7/2015 4:00,4339.75,4372.25,4330.25,4334,171692,68,32,64
NQ=F,4/8/2015 4:00,4335.25,4379.25,4327.5,4374.75,225547,67,33,63
NQ=F,4/9/2015 4:00,4378,4401.25,4352.75,4399.25,201439,65,35,62
NQ=F,4/10/2015 4:00,4399,4416,4385.75,4414.75,126565,67,33,64
NQ=F,4/13/2015 4:00,4415,4441.5,4399.5,4403.25,171930,67,33,66
NQ=F,4/14/2015 4:00,4405.5,4414.5,4366.75,4397.75,220750,67,33,67
NQ=F,4/15/2015 4:00,4400.25,4429,4388.75,4421.75,170496,67,33,65
NQ=F,4/16/2015 4:00,4426.25,4429.5,4398,4415.25,162971,68,32,66
NQ=F,4/17/2015 4:00,4416.25,4417.5,4324,4349,302065,69,31,67
NQ=F,4/20/2015 4:00,4356.75,4417,4352.25,4407.5,218236,68,32,65
NQ=F,4/21/2015 4:00,4402.75,4442.75,4402.75,4428.5,190749,69,31,66
NQ=F,4/22/2015 4:00,4433,4459.5,4398.5,4445.25,196846,69,31,68
NQ=F,4/23/2015 4:00,4438.5,4497.25,4418,4481.5,252582,68,32,67
NQ=F,4/24/2015 4:00,4492.5,4536.25,4489.5,4529.25,204737,68,32,65
NQ=F,4/27/2015 4:00,4533,4555.5,4509.25,4524.75,224600,69,31,67
NQ=F,4/28/2015 4:00,4524.25,4531.25,4471.75,4516,283966,69,31,66
NQ=F,4/29/2015 4:00,4512.25,4514,4456.25,4479.75,290967,71,29,67
NQ=F,4/30/2015 4:00,4474,4478.25,4386.5,4408.25,353283,70,30,70
NQ=F,5/1/2015 4:00,4414,4470.75,4409.75,4467.75,197160,71,29,68
NQ=F,5/4/2015 4:00,4471.75,4503.5,4457,4476.5,191856,70,30,68
NQ=F,5/5/2015 4:00,4474,4480.25,4399.5,4407.5,306244,71,29,69
NQ=F,5/6/2015 4:00,4409,4423.5,4341.5,4373,335134,72,28,66
NQ=F,5/7/2015 4:00,4371.5,4409.25,4332.5,4402.5,249245,66,34,61
NQ=F,5/8/2015 4:00,4404,4462.75,4401,4448.75,216447,62,38,61
NQ=F,5/11/2015 4:00,4452.5,4464.5,4426.75,4431.25,170514,63,37,53
NQ=F,5/12/2015 4:00,4431.5,4438,4374.5,4420.75,257296,60,40,52
NQ=F,5/13/2015 4:00,4423,4457.75,4417.5,4423.75,200865,61,39,58
NQ=F,5/14/2015 4:00,4425.75,4493,4412.75,4490.25,184396,68,32,59
NQ=F,5/15/2015 4:00,4489,4507.5,4477.75,4488.75,140746,68,32,63
NQ=F,5/18/2015 4:00,4491.25,4517.75,4470.5,4507.25,128602,66,34,65
NQ=F,5/19/2015 4:00,4509.75,4526.5,4496.5,4501.25,127690,66,34,63
NQ=F,5/20/2015 4:00,4501.75,4534,4482.25,4505.5,170963,65,35,63
NQ=F,5/21/2015 4:00,4500,4536.5,4486.5,4528.75,123530,64,36,56
NQ=F,5/22/2015 4:00,4530.5,4542,4522,4528.75,100980,62,38,56
NQ=F,5/26/2015 4:00,4527.5,4538.5,4455,4479.75,228084,64,36,58
NQ=F,5/27/2015 4:00,4481.5,4551,4473,4542.25,198538,64,36,63
NQ=F,5/28/2015 4:00,4540.5,4547.5,4521.75,4542.75,152018,66,34,62
NQ=F,5/29/2015 4:00,4542,4545.25,4497.25,4511,197740,68,32,65
NQ=F,6/1/2015 4:00,4514,4538.25,4486,4521.5,216323,67,33,63
NQ=F,6/2/2015 4:00,4525.75,4531.75,4480.75,4503,222449,69,31,65
NQ=F,6/3/2015 4:00,4503.25,4540.75,4501.25,4527.5,190316,69,31,62
NQ=F,6/4/2015 4:00,4526.75,4527.25,4473.25,4496.5,285057,63,37,62
NQ=F,6/5/2015 4:00,4494.75,4506.5,4449.25,4481.5,232923,65,35,61
NQ=F,6/8/2015 4:00,4479.5,4483.25,4422,4432.25,237404,65,35,62
NQ=F,6/9/2015 4:00,4435.75,4441.25,4390.25,4431.5,226086,67,33,62
NQ=F,6/10/2015 4:00,4431.5,4498.25,4430.5,4488.75,238886,69,31,64
NQ=F,6/11/2015 4:00,4486.25,4512.25,4479.25,4490.5,186848,69,31,67
NQ=F,6/12/2015 4:00,4489.25,4491.25,4447.75,4454.75,153829,68,32,67
NQ=F,6/15/2015 4:00,4443.5,4444.75,4394.25,4435.5,145112,67,33,65
NQ=F,6/16/2015 4:00,4432.5,4463.5,4403,4459,108589,67,33,65
NQ=F,6/17/2015 4:00,4459.25,4482.75,4440,4461.25,67479,66,34,64
NQ=F,6/18/2015 4:00,4459.75,4541.75,4447.5,4538,66534,65,35,62
NQ=F,6/19/2015 4:00,4536.5,4546.75,4526.75,4531,162664,67,33,64
NQ=F,6/22/2015 4:00,4512.5,4552.25,4512.25,4532.75,157035,67,33,66
NQ=F,6/23/2015 4:00,4538.75,4548.75,4522.75,4541.25,116969,67,33,64
NQ=F,6/24/2015 4:00,4543.5,4555.25,4514.5,4515.75,165445,66,34,63
NQ=F,6/25/2015 4:00,4520.25,4547.5,4500,4509.25,175329,65,35,62
NQ=F,6/26/2015 4:00,4506.5,4517,4459.75,4480.5,226373,68,32,64
NQ=F,6/29/2015 4:00,4429.75,4451.5,4368.25,4378,334972,67,33,66
NQ=F,6/30/2015 4:00,4386.25,4412.25,4372,4390.25,304509,67,33,67
NQ=F,7/1/2015 4:00,4392.75,4441.75,4392,4422,191161,67,33,65
NQ=F,7/2/2015 4:00,4423.75,4441.5,4408.25,4428.75,155244,67,33,65
NQ=F,7/6/2015 4:00,4427.75,4437.25,4344,4422.75,285735,66,34,65
NQ=F,7/7/2015 4:00,4429.5,4448,4334.5,4422.25,384237,67,33,64
NQ=F,7/8/2015 4:00,4422.5,4422.5,4336.5,4346.5,335132,69,31,66
NQ=F,7/9/2015 4:00,4347.75,4408,4331.75,4339.5,260171,70,30,69
NQ=F,7/10/2015 4:00,4345.75,4426.5,4345.75,4408.25,236765,71,29,68
NQ=F,7/13/2015 4:00,4384,4491.75,4372.5,4488,209774,70,30,65
NQ=F,7/14/2015 4:00,4487.25,4529.75,4484.5,4517.5,156246,67,33,65
NQ=F,7/15/2015 4:00,4519.25,4539.5,4509.25,4536.5,187307,68,32,64
NQ=F,7/16/2015 4:00,4534.5,4612.5,4531,4597.75,192220,68,32,63
NQ=F,7/17/2015 4:00,4609.75,4654,4607.25,4650,187930,67,33,66
NQ=F,7/20/2015 4:00,4649,4686,4646.5,4671.25,169781,68,32,66
NQ=F,7/21/2015 4:00,4671.25,4683,4611.5,4666.5,226216,68,32,59
NQ=F,7/22/2015 4:00,4618,4636.5,4588.75,4617,235343,61,39,53
NQ=F,7/23/2015 4:00,4621.75,4634.75,4584.25,4620,211215,57,43,53
NQ=F,7/24/2015 4:00,4633.5,4638.75,4544.5,4561.75,236180,65,35,57
NQ=F,7/27/2015 4:00,4562.25,4568.25,4503.5,4522.5,293740,65,35,64
NQ=F,7/28/2015 4:00,4521.25,4561.25,4497,4556,280667,64,36,62
NQ=F,7/29/2015 4:00,4558,4579.5,4544,4565,222563,66,34,57
NQ=F,7/30/2015 4:00,4562.75,4598.75,4530.75,4595.25,226285,62,38,58
NQ=F,7/31/2015 4:00,4589.25,4608.75,4576.25,4585,214679,65,35,61
NQ=F,8/3/2015 4:00,4583.25,4599.25,4540.5,4573,251564,68,32,63
NQ=F,8/4/2015 4:00,4570.5,4581.25,4543.5,4551.75,253010,67,33,66
NQ=F,8/5/2015 4:00,4551.5,4629,4551,4593.5,247802,66,34,64
NQ=F,8/6/2015 4:00,4591.75,4608.75,4502.75,4524.75,272055,68,32,63
NQ=F,8/7/2015 4:00,4527.25,4533.75,4480.5,4519,249232,68,32,64
NQ=F,8/10/2015 4:00,4514,4580,4512.75,4566,199353,68,32,65
NQ=F,8/11/2015 4:00,4582.5,4584.75,4485.5,4510.75,301820,71,29,67
NQ=F,8/12/2015 4:00,4512.75,4535.5,4431.25,4533.5,358454,71,29,71
NQ=F,8/13/2015 4:00,4529.75,4557,4508.75,4517.25,234832,71,29,69
NQ=F,8/14/2015 4:00,4514.5,4534,4499,4531.75,167712,72,28,69
NQ=F,8/17/2015 4:00,4532.5,4567.75,4503.25,4564.75,191979,72,28,69
NQ=F,8/18/2015 4:00,4562.5,4573.5,4533.75,4544,164755,72,28,70
NQ=F,8/19/2015 4:00,4543,4552.25,4483.25,4503.75,331472,75,25,71
NQ=F,8/20/2015 4:00,4502.25,4513,4360,4366.25,449728,74,26,73
NQ=F,8/21/2015 4:00,4367.75,4368.25,4189,4200.75,614566,74,26,70
NQ=F,8/24/2015 4:00,4183.75,4196.25,3908.25,4003.25,746533,72,28,70
NQ=F,8/25/2015 4:00,3998,4204.25,3997.75,4028.5,630057,73,27,71
NQ=F,8/26/2015 4:00,4036.75,4229.5,3958.75,4214.5,637925,74,26,71
NQ=F,8/27/2015 4:00,4222.75,4332.75,4205.25,4328,475384,75,25,72
NQ=F,8/28/2015 4:00,4327,4340.75,4281.75,4333,322070,74,26,73
NQ=F,8/31/2015 4:00,4324,4330.25,4258.5,4271.75,303204,73,27,70
NQ=F,9/1/2015 4:00,4266,4268,4118.25,4158.25,481009,71,29,70
NQ=F,9/2/2015 4:00,4150.75,4263.75,4136,4260,340627,72,28,70
NQ=F,9/3/2015 4:00,4260.25,4304.25,4219.75,4229.5,332566,72,28,68
NQ=F,9/4/2015 4:00,4231.75,4237.5,4155,4194,354122,72,28,69
NQ=F,9/8/2015 4:00,4181.75,4305.5,4180,4298.5,293906,72,28,71
NQ=F,9/9/2015 4:00,4300.5,4369.5,4240.25,4255,354129,72,28,69
NQ=F,9/10/2015 4:00,4259,4327.25,4226.5,4295,410492,71,29,69
NQ=F,9/11/2015 4:00,4294.75,4330,4259.5,4325.25,127471,73,27,70
NQ=F,9/14/2015 4:00,4325.25,4357,4292.25,4310,87550,73,27,72
NQ=F,9/15/2015 4:00,4311.5,4373.5,4290.75,4361,0,73,27,71
NQ=F,9/16/2015 4:00,4362.5,4393,4345.5,4391.5,0,75,25,75
NQ=F,9/17/2015 4:00,4385.75,4451.5,4368,4380.25,0,75,25,73
NQ=F,9/18/2015 4:00,4381.5,4392.75,4313,4325.25,333044,74,26,72
NQ=F,9/21/2015 4:00,4324.75,4361.5,4286.5,4341.25,254496,75,25,73
NQ=F,9/22/2015 4:00,4342,4345,4220.5,4267.25,320027,75,25,72
NQ=F,9/23/2015 4:00,4264.25,4292.75,4221.5,4262.75,238547,74,26,72
NQ=F,9/24/2015 4:00,4268.5,4278.75,4185.25,4246,355070,73,27,72
NQ=F,9/25/2015 4:00,4232,4315.75,4185.5,4213.5,344913,74,26,72
NQ=F,9/28/2015 4:00,4202.5,4239,4079.5,4094.75,360675,73,27,71
NQ=F,9/29/2015 4:00,4106.25,4144.25,4040.75,4074.75,427261,73,27,71
NQ=F,9/30/2015 4:00,4078.75,4169,4066,4163,347070,73,27,73
NQ=F,10/1/2015 4:00,4154,4225.75,4116.25,4187.5,367790,74,26,72
NQ=F,10/2/2015 4:00,4188.25,4263.75,4111.5,4261.25,404892,73,27,73
NQ=F,10/5/2015 4:00,4257.75,4329.75,4250.5,4311.25,242309,73,27,70
NQ=F,10/6/2015 4:00,4307.75,4322,4263.5,4290.25,264372,72,28,66
NQ=F,10/7/2015 4:00,4275,4333.75,4268,4323.75,329985,69,31,66
NQ=F,10/8/2015 4:00,4324,4348.25,4265,4344.75,317019,69,31,67
NQ=F,10/9/2015 4:00,4338,4369.25,4324.5,4359.5,208829,71,29,67
NQ=F,10/12/2015 4:00,4355,4381.5,4346.25,4375,132675,71,29,71
NQ=F,10/13/2015 4:00,4377,4390.75,4338.5,4341.25,232729,71,29,69
NQ=F,10/14/2015 4:00,4334.25,4365.25,4317.5,4326.5,284807,71,29,69
NQ=F,10/15/2015 4:00,4335.25,4412,4332.5,4411.75,275986,69,31,68
NQ=F,10/16/2015 4:00,4409.75,4439,4396,4434.75,207248,69,31,66
NQ=F,10/19/2015 4:00,4434.5,4455.5,4411,4454.5,202407,68,32,66
NQ=F,10/20/2015 4:00,4451.5,4456,4414,4424.75,200211,67,33,67
NQ=F,10/21/2015 4:00,4422.75,4456.25,4394.75,4399.25,289766,68,32,65
NQ=F,10/22/2015 4:00,4406.75,4565.5,4402,4552.75,348494,68,32,66
NQ=F,10/23/2015 4:00,4562.25,4637.5,4562,4611.5,361589,68,32,66
NQ=F,10/26/2015 4:00,4614,4630,4592.75,4616.25,184127,68,32,67
NQ=F,10/27/2015 4:00,4619.75,4651.75,4601.25,4632.25,217939,69,31,66
NQ=F,10/28/2015 4:00,4635.25,4678.25,4600.5,4673.75,306875,72,28,71
NQ=F,10/29/2015 4:00,4664.25,4670.25,4642.75,4661.75,184529,71,29,69
NQ=F,10/30/2015 4:00,4666,4690.25,4636,4643.25,211241,70,30,69
NQ=F,11/2/2015 5:00,4644.5,4699.5,4625,4694,162655,70,30,70
NQ=F,11/3/2015 5:00,4688.25,4727.5,4677,4712,186758,70,30,69
NQ=F,11/4/2015 5:00,4711.75,4729.75,4691.25,4709.5,231004,70,30,68
NQ=F,11/5/2015 5:00,4708.25,4727.5,4673.75,4695.25,246167,70,30,69
NQ=F,11/6/2015 5:00,4700.75,4708.75,4658.75,4703,276682,70,30,69
NQ=F,11/9/2015 5:00,4701.25,4712.75,4622,4652.75,256938,71,29,69
NQ=F,11/10/2015 5:00,4650,4662.25,4612.5,4643,241859,70,30,69
NQ=F,11/11/2015 5:00,4640.25,4674.75,4625.25,4631.75,221698,69,31,67
NQ=F,11/12/2015 5:00,4631.25,4653.25,4581.25,4585.25,268158,71,29,68
NQ=F,11/13/2015 5:00,4583.75,4590.5,4485.75,4502,344229,71,29,71
NQ=F,11/16/2015 5:00,4478.25,4565.5,4455,4559.75,282188,72,28,70
NQ=F,11/17/2015 5:00,4560.75,4597.75,4552,4569.5,269684,72,28,69
NQ=F,11/18/2015 5:00,4570.25,4656.75,4556.25,4652.5,242823,74,26,71
NQ=F,11/19/2015 5:00,4649.75,4677,4646.75,4660,217266,72,28,69
NQ=F,11/20/2015 5:00,4656.75,4691.5,4652.25,4689.5,177125,71,29,69
NQ=F,11/23/2015 5:00,4689.5,4706.75,4653.75,4675.75,163322,69,31,69
NQ=F,11/24/2015 5:00,4673.75,4684.5,4620,4666,230131,69,31,66
NQ=F,11/25/2015 5:00,4665,4684.5,4659.5,4677.25,119712,68,32,65
NQ=F,11/27/2015 5:00,4679.75,4703.25,4664.75,4682.5,105382,69,31,66
NQ=F,11/30/2015 5:00,4685.5,4700.5,4653.5,4668.75,179766,69,31,68
NQ=F,12/1/2015 5:00,4678.75,4716.75,4676.5,4716.25,228425,70,30,67
NQ=F,12/2/2015 5:00,4715,4739.5,4678.5,4694.5,231812,70,30,70
NQ=F,12/3/2015 5:00,4698.75,4730.25,4579,4611,379530,70,30,69
NQ=F,12/4/2015 5:00,4616,4723.25,4603,4713.25,305073,70,30,67
NQ=F,12/7/2015 5:00,4721.25,4730,4670.5,4701,224657,70,30,68
NQ=F,12/8/2015 5:00,4699.75,4709,4641.25,4687.25,299288,70,30,69
NQ=F,12/9/2015 5:00,4690.5,4707.5,4593.25,4616,388709,70,30,67
NQ=F,12/10/2015 5:00,4624,4674.5,4618.25,4644,302768,69,31,69
NQ=F,12/11/2015 5:00,4646.25,4659,4527.5,4539.25,226524,68,32,62
NQ=F,12/14/2015 5:00,4534.5,4579.5,4477.25,4566.5,156220,65,35,61
NQ=F,12/15/2015 5:00,4571.5,4639,4566.75,4606,151196,66,34,64
NQ=F,12/16/2015 5:00,4607.5,4674.5,4580,4663,71664,67,33,64
NQ=F,12/17/2015 5:00,4656.75,4689.5,4574,4577.75,49751,68,32,63
NQ=F,12/18/2015 5:00,4577,4597,4552.5,4576,340479,65,35,64
NQ=F,12/21/2015 5:00,4513.75,4571.75,4511.75,4563,176610,67,33,64
NQ=F,12/22/2015 5:00,4569,4594.5,4541.25,4591,166650,69,31,66
NQ=F,12/23/2015 5:00,4590.5,4620.25,4583,4606.75,147737,69,31,65
NQ=F,12/24/2015 5:00,4607.75,4630,4600.75,4611,62054,68,32,64
NQ=F,12/28/2015 5:00,4611,4619.5,4571.5,4613.75,113567,68,32,65
NQ=F,12/29/2015 5:00,4617.75,4697.75,4610.5,4690.5,158098,66,34,66
NQ=F,12/30/2015 5:00,4687.25,4695,4643.5,4646,117427,67,33,64
NQ=F,12/31/2015 5:00,4648,4655,4579.5,4587.75,160705,66,34,63
NQ=F,1/4/2016 5:00,4592.5,4606.75,4429.75,4504.5,368671,65,35,63
NQ=F,1/5/2016 5:00,4505.5,4523,4457.25,4483.75,301175,67,33,65
NQ=F,1/6/2016 5:00,4482,4487.5,4386,4446.75,346779,67,33,65
NQ=F,1/7/2016 5:00,4450.25,4458.5,4283,4289.25,501315,66,34,66
NQ=F,1/8/2016 5:00,4298,4370,4255.75,4261.5,480513,67,33,65
NQ=F,1/11/2016 5:00,4264.25,4304.5,4208.75,4273,435576,66,34,63
NQ=F,1/12/2016 5:00,4272.25,4345.75,4236.5,4312.75,417581,65,35,62
NQ=F,1/13/2016 5:00,4308.75,4365,4167.25,4175.75,521065,65,35,62
NQ=F,1/14/2016 5:00,4181.5,4300.5,4124,4257.5,526505,64,36,62
NQ=F,1/15/2016 5:00,4255,4268.75,4075.75,4140.75,567530,64,36,64
NQ=F,1/19/2016 5:00,4126.75,4215.75,4091.25,4144.5,475760,62,38,51
NQ=F,1/20/2016 5:00,4141,4171.5,3983.5,4133,628240,54,46,46
NQ=F,1/21/2016 5:00,4130.75,4192.25,4085.75,4130.25,554096,50,50,45
NQ=F,1/22/2016 5:00,4126.25,4253,4119,4247.5,328593,47,53,37
NQ=F,1/25/2016 5:00,4247.5,4260,4179.25,4186.75,287599,43,57,37
NQ=F,1/26/2016 5:00,4190,4243.75,4133,4226.75,327223,38,62,38
NQ=F,1/27/2016 5:00,4195.25,4218.75,4102,4127,408523,46,54,36
NQ=F,1/28/2016 5:00,4150.25,4199,4106.75,4153.75,414082,47,53,43
NQ=F,1/29/2016 5:00,4135,4271.25,4129,4263,328862,54,46,43
NQ=F,2/1/2016 5:00,4263.25,4309.25,4228.5,4291.5,263363,55,45,47
NQ=F,2/2/2016 5:00,4286.5,4287,4170.75,4192,314726,51,49,44
NQ=F,2/3/2016 5:00,4186,4215,4090.5,4171.5,484500,46,54,43
NQ=F,2/4/2016 5:00,4169.75,4206.5,4113.5,4155.75,383175,44,56,39
NQ=F,2/5/2016 5:00,4146.5,4173.5,4001,4022,443077,46,54,38
NQ=F,2/8/2016 5:00,4027.25,4046,3883,3964.25,542371,46,54,36
NQ=F,2/9/2016 5:00,3958.5,4004,3897.5,3944.25,499993,43,57,33
NQ=F,2/10/2016 5:00,3954.5,4041,3922.25,3967.25,426911,49,51,34
NQ=F,2/11/2016 5:00,3963,3985.5,3862.5,3961.25,504866,46,54,44
NQ=F,2/12/2016 5:00,3963.25,4017.5,3953,4006.25,307347,44,56,35
NQ=F,2/16/2016 5:00,4021.5,4104.75,4021.5,4092.75,320588,41,59,33
NQ=F,2/17/2016 5:00,4089.75,4211.5,4068.25,4196.75,291649,40,60,33
NQ=F,2/18/2016 5:00,4208.25,4227.5,4144,4155,254579,39,61,35
NQ=F,2/19/2016 5:00,4156.25,4175,4120.25,4161,229019,39,61,33
NQ=F,2/22/2016 5:00,4155.25,4234,4146.5,4214.75,189979,35,65,34
NQ=F,2/23/2016 5:00,4207.25,4216.5,4154.5,4159.25,227805,38,62,30
NQ=F,2/24/2016 5:00,4156.5,4218.5,4084.75,4208.5,336253,47,53,31
NQ=F,2/25/2016 5:00,4214.5,4247.75,4170.25,4244.25,265546,50,50,41
NQ=F,2/26/2016 5:00,4243,4293.25,4225,4230,272803,62,38,45
NQ=F,2/29/2016 5:00,4225.25,4263.25,4184.5,4201.25,250315,62,38,57
NQ=F,3/1/2016 5:00,4199.25,4338.75,4180.25,4337.75,295763,57,43,55
NQ=F,3/2/2016 5:00,4334.5,4357.75,4299.25,4329.25,265748,60,40,54
NQ=F,3/3/2016 5:00,4326.75,4344.5,4293.5,4320.25,202256,61,39,58
NQ=F,3/4/2016 5:00,4323,4355,4298,4322.5,289076,60,40,53
NQ=F,3/7/2016 5:00,4321,4330,4268.75,4300,246815,59,41,52
NQ=F,3/8/2016 5:00,4301,4308.75,4251.5,4270.5,293547,60,40,55
NQ=F,3/9/2016 5:00,4271,4299,4256.75,4294.5,238221,57,43,56
NQ=F,3/10/2016 5:00,4295.25,4347.5,4229.75,4285,392234,59,41,53
NQ=F,3/11/2016 5:00,4287.25,4361.25,4282.5,4352.75,156647,58,42,53
NQ=F,3/14/2016 4:00,4352.75,4378.25,4340.5,4366,106669,62,38,52
NQ=F,3/15/2016 4:00,4364.75,4372,4338,4364.5,71625,63,37,58
NQ=F,3/16/2016 4:00,4366.25,4416.5,4349,4397.5,65619,62,38,60
NQ=F,3/17/2016 4:00,4396.75,4422,4369,4402.25,51815,60,40,59
NQ=F,3/18/2016 4:00,4404.75,4418.25,4394,4414.25,240454,59,41,56
NQ=F,3/21/2016 4:00,4394.75,4421.25,4376.75,4416.25,169724,64,36,57
NQ=F,3/22/2016 4:00,4416,4440.5,4383.75,4434.5,190219,64,36,59
NQ=F,3/23/2016 4:00,4434.75,4441.25,4383.25,4395.5,212040,62,38,59
NQ=F,3/24/2016 4:00,4395,4401,4365,4397.25,196013,63,37,58
NQ=F,3/28/2016 4:00,4401.5,4425.75,4381.5,4389.5,133720,64,36,63
NQ=F,3/29/2016 4:00,4389.75,4463.5,4374,4458.25,229527,64,36,60
NQ=F,3/30/2016 4:00,4460.75,4510.25,4456.5,4482,222490,65,35,60
NQ=F,3/31/2016 4:00,4480.25,4495.5,4462.25,4476.25,190526,65,35,60
NQ=F,4/1/2016 4:00,4477.75,4529.5,4441.5,4528.5,245916,65,35,61
NQ=F,4/4/2016 4:00,4526.75,4543.75,4495.25,4500.25,189635,66,34,62
NQ=F,4/5/2016 4:00,4499.75,4501.5,4456.5,4469.5,218944,65,35,64
NQ=F,4/6/2016 4:00,4476,4537.75,4467.25,4535,241958,65,35,61
NQ=F,4/7/2016 4:00,4533.5,4539.5,4450.75,4470.25,260817,66,34,60
NQ=F,4/8/2016 4:00,4467.5,4509.75,4451.5,4467.25,232565,66,34,61
NQ=F,4/11/2016 4:00,4470,4509.75,4446,4451.5,243297,65,35,60
NQ=F,4/12/2016 4:00,4447,4497.5,4426.5,4490,252487,63,37,59
NQ=F,4/13/2016 4:00,4489,4553.75,4486.75,4547.75,228380,60,40,59
NQ=F,4/14/2016 4:00,4546.5,4563.25,4530.5,4546.25,163850,60,40,58
NQ=F,4/15/2016 4:00,4548.75,4554.5,4523,4538.5,171811,62,38,56
NQ=F,4/18/2016 4:00,4518.75,4561.25,4501,4546.5,179869,62,38,60
NQ=F,4/19/2016 4:00,4545.5,4584.5,4506.75,4526.75,256892,64,36,60
NQ=F,4/20/2016 4:00,4528.25,4556,4509,4535.75,193071,64,36,60
NQ=F,4/21/2016 4:00,4533.25,4551.75,4488,4497.75,239652,62,38,61
NQ=F,4/22/2016 4:00,4488.25,4501.75,4431,4465.75,285544,63,37,60
NQ=F,4/25/2016 4:00,4477,4479.75,4436,4472.25,172474,63,37,59
NQ=F,4/26/2016 4:00,4472.25,4489.75,4407,4452.5,212776,61,39,57
NQ=F,4/27/2016 4:00,4405,4433.75,4372.25,4423.75,306378,61,39,58
NQ=F,4/28/2016 4:00,4432,4442.25,4346.25,4382,306766,60,40,57
NQ=F,4/29/2016 4:00,4383.5,4391.25,4296.75,4331.5,402426,63,37,62
NQ=F,5/2/2016 4:00,4337,4378.5,4318,4369,221470,66,34,60
NQ=F,5/3/2016 4:00,4372,4374.5,4319.5,4334.5,270601,67,33,62
NQ=F,5/4/2016 4:00,4335.5,4342,4292.25,4309.75,235256,67,33,63
NQ=F,5/5/2016 4:00,4308.25,4342.5,4292.5,4300.25,221674,67,33,63
NQ=F,5/6/2016 4:00,4299.25,4333.75,4271,4328.25,262686,66,34,63
NQ=F,5/9/2016 4:00,4329.75,4356.5,4318,4335.75,206931,65,35,64
NQ=F,5/10/2016 4:00,4334.75,4398.75,4323.75,4392,204247,65,35,62
NQ=F,5/11/2016 4:00,4394.25,4403,4350.75,4351.5,208025,64,36,61
NQ=F,5/12/2016 4:00,4352.5,4381.75,4305.75,4334.75,262049,64,36,60
NQ=F,5/13/2016 4:00,4337.25,4360.5,4303.75,4324,249877,64,36,61
NQ=F,5/16/2016 4:00,4316,4392,4305.5,4375.25,197887,64,36,62
NQ=F,5/17/2016 4:00,4372.75,4393.75,4308,4319.5,256918,62,38,60
NQ=F,5/18/2016 4:00,4321,4359,4301,4332.25,305289,64,36,59
NQ=F,5/19/2016 4:00,4337.75,4340.75,4280.75,4317.25,272694,63,37,59
NQ=F,5/20/2016 4:00,4317,4379,4314.5,4362.25,244244,62,38,60
NQ=F,5/23/2016 4:00,4367.75,4381.5,4348.25,4352.5,167178,63,37,62
NQ=F,5/24/2016 4:00,4351.5,4448.75,4341.75,4445.25,239635,63,37,58
NQ=F,5/25/2016 4:00,4445.5,4489.5,4443,4474.75,253726,59,41,57
NQ=F,5/26/2016 4:00,4473.5,4495.5,4463.5,4492.25,163693,58,42,56
NQ=F,5/27/2016 4:00,4494,4513.5,4490.25,4510,153739,58,42,56
NQ=F,5/31/2016 4:00,4518.25,4528.25,4497.5,4524.25,209605,58,42,55
NQ=F,6/1/2016 4:00,4522,4537.5,4502.75,4521.5,194470,58,42,47
NQ=F,6/2/2016 4:00,4520.5,4533,4486.25,4532.25,179288,54,46,47
NQ=F,6/3/2016 4:00,4530.25,4538.75,4478.75,4509,225458,51,49,49
NQ=F,6/6/2016 4:00,4511,4536.5,4504,4525.5,164530,51,49,48
NQ=F,6/7/2016 4:00,4524.5,4545.5,4511.25,4514.25,155623,53,47,47
NQ=F,6/8/2016 4:00,4512.5,4530.25,4504,4519,172285,52,48,49
NQ=F,6/9/2016 4:00,4518.25,4522.5,4493.5,4512,236706,53,47,50
NQ=F,6/10/2016 4:00,4513,4514.25,4446.25,4465.75,141333,54,46,49
NQ=F,6/13/2016 4:00,4458.75,4461.75,4419.25,4426.25,115256,55,45,54
NQ=F,6/14/2016 4:00,4419.25,4440.5,4391.75,4425.25,94710,56,44,53
NQ=F,6/15/2016 4:00,4424,4444,4404.25,4412.75,68451,57,43,54
NQ=F,6/16/2016 4:00,4409.75,4429,4361,4424.75,49749,56,44,51
NQ=F,6/17/2016 4:00,4423.25,4439.5,4410,4417.25,250757,53,47,51
NQ=F,6/20/2016 4:00,4383,4436.75,4383,4390,195423,54,46,50
NQ=F,6/21/2016 4:00,4398.5,4415.75,4388.25,4400.25,194521,51,49,50
NQ=F,6/22/2016 4:00,4397.25,4434,4391,4394.5,190665,52,48,49
NQ=F,6/23/2016 4:00,4409.75,4479.25,4408,4462.5,194791,55,45,52
NQ=F,6/24/2016 4:00,4482.75,4494,4234.5,4262.25,497350,56,44,54
NQ=F,6/27/2016 4:00,4250,4267.75,4167.75,4178,413249,57,43,54
NQ=F,6/28/2016 4:00,4176.25,4284.5,4176,4281,258268,57,43,56
NQ=F,6/29/2016 4:00,4281.25,4380,4268.25,4362.75,260013,56,44,55
NQ=F,6/30/2016 4:00,4375,4410.5,4338.5,4407,242965,57,43,54
NQ=F,7/1/2016 4:00,4397,4446.25,4386.25,4433.25,176656,57,43,54
NQ=F,7/5/2016 4:00,4438.75,4451.5,4377.5,4404,200656,57,43,55
NQ=F,7/6/2016 4:00,4406,4440.5,4365.75,4439.5,253791,58,42,54
NQ=F,7/7/2016 4:00,4434.75,4461.25,4427.5,4452.25,184871,60,40,55
NQ=F,7/8/2016 4:00,4451.75,4523.25,4439.75,4517.25,234625,59,41,59
NQ=F,7/11/2016 4:00,4519.5,4563.5,4515.75,4549.5,182422,60,40,57
NQ=F,7/12/2016 4:00,4552.75,4582,4546.75,4569.75,190097,59,41,56
NQ=F,7/13/2016 4:00,4571.75,4584.5,4558.5,4561.25,190027,61,39,59
NQ=F,7/14/2016 4:00,4561,4608.25,4553.5,4590,191874,60,40,56
NQ=F,7/15/2016 4:00,4585,4603.5,4550.25,4579.25,171716,60,40,57
NQ=F,7/18/2016 4:00,4580,4621.75,4577,4608.25,183261,62,38,62
NQ=F,7/19/2016 4:00,4609.5,4611.25,4588.25,4606.5,165175,62,38,59
NQ=F,7/20/2016 4:00,4609,4659,4597.75,4650.5,182311,61,39,58
NQ=F,7/21/2016 4:00,4654,4662.25,4626.75,4638.25,181960,61,39,58
NQ=F,7/22/2016 4:00,4638.5,4664.5,4628.5,4657.25,152974,61,39,56
NQ=F,7/25/2016 4:00,4659.25,4669.5,4643.5,4653.75,146154,57,43,56
NQ=F,7/26/2016 4:00,4658.5,4688.25,4641,4663.75,209762,57,43,56
NQ=F,7/27/2016 4:00,4691.25,4714,4676.75,4707.75,230410,57,43,55
NQ=F,7/28/2016 4:00,4710.25,4732,4689.5,4719.75,220001,58,42,55
NQ=F,7/29/2016 4:00,4731.75,4736.5,4709,4726.75,207360,60,40,57
NQ=F,8/1/2016 4:00,4737.5,4760.25,4721,4744.5,199516,60,40,58
NQ=F,8/2/2016 4:00,4749.25,4759.5,4681.75,4714.25,261263,61,39,58
NQ=F,8/3/2016 4:00,4713.25,4729.25,4698,4728.25,170596,62,38,61
NQ=F,8/4/2016 4:00,4726.5,4747,4715,4743.75,167881,63,37,61
NQ=F,8/5/2016 4:00,4745,4797.75,4742.5,4783,180947,63,37,61
NQ=F,8/8/2016 4:00,4784.75,4800.75,4766.25,4779.25,132186,63,37,62
NQ=F,8/9/2016 4:00,4780.5,4807.75,4777.5,4791.75,134336,64,36,62
NQ=F,8/10/2016 4:00,4793.5,4800.25,4767.25,4781.5,141495,64,36,61
NQ=F,8/11/2016 4:00,4782.25,4811,4775.75,4800,147601,63,37,62
NQ=F,8/12/2016 4:00,4800,4806.75,4787,4804.25,131960,62,38,60
NQ=F,8/15/2016 4:00,4806.75,4835.25,4805,4822.75,130170,62,38,60
NQ=F,8/16/2016 4:00,4822.75,4824.5,4796.5,4798.5,156061,63,37,60
NQ=F,8/17/2016 4:00,4800.75,4809.75,4772,4804,197778,63,37,61
NQ=F,8/18/2016 4:00,4808.25,4814,4792.75,4808.5,149002,63,37,60
NQ=F,8/19/2016 4:00,4808,4816.75,4785,4807,194623,62,38,62
NQ=F,8/22/2016 4:00,4809.25,4818,4789.5,4811.75,196397,63,37,62
NQ=F,8/23/2016 4:00,4809.25,4836.75,4807.75,4817,160448,64,36,61
NQ=F,8/24/2016 4:00,4818.5,4823.5,4770.75,4786.25,190472,64,36,62
NQ=F,8/25/2016 4:00,4786.5,4794,4768.25,4782.25,194394,63,37,61
NQ=F,8/26/2016 4:00,4783.5,4817.5,4757.25,4785.75,281261,68,32,63
NQ=F,8/29/2016 4:00,4786,4805.75,4774,4793.25,146925,68,32,67
NQ=F,8/30/2016 4:00,4795,4798.5,4759.75,4776,186259,67,33,63
NQ=F,8/31/2016 4:00,4778.25,4779.25,4751.5,4773.75,198477,64,36,61
NQ=F,9/1/2016 4:00,4774,4795.25,4749.5,4777.5,248348,64,36,62
NQ=F,9/2/2016 4:00,4777.5,4817.75,4774.25,4795.25,227919,64,36,63
NQ=F,9/6/2016 4:00,4801.25,4831.5,4782.25,4827.5,208188,64,36,61
NQ=F,9/7/2016 4:00,4830.25,4839.5,4812.5,4828.75,193455,63,37,62
NQ=F,9/8/2016 4:00,4827.75,4837,4789.5,4796,251333,63,37,60
NQ=F,9/9/2016 4:00,4796,4798,4665,4671,265154,63,37,61
NQ=F,9/12/2016 4:00,4671,4772,4629,4766.75,178342,63,37,61
NQ=F,9/13/2016 4:00,4763.25,4764.75,4699.25,4727.75,142822,63,37,55
NQ=F,9/14/2016 4:00,4732.75,4771,4724,4732.5,77624,57,43,52
NQ=F,9/15/2016 4:00,4734,4826.75,4720.5,4817.75,61726,52,48,52
NQ=F,9/16/2016 4:00,4813.25,4828.75,4799,4817,285889,52,48,50
NQ=F,9/19/2016 4:00,4814.75,4841.75,4782.5,4794.25,235031,52,48,46
NQ=F,9/20/2016 4:00,4796.75,4820.5,4790,4798.5,195027,51,49,46
NQ=F,9/21/2016 4:00,4800,4854.5,4788.5,4850,291231,51,49,47
NQ=F,9/22/2016 4:00,4849,4892.25,4842.75,4886.25,196512,49,51,47
NQ=F,9/23/2016 4:00,4887.25,4889.75,4848.25,4856.5,197323,47,53,47
NQ=F,9/26/2016 4:00,4852,4859.5,4807.5,4815,209587,52,48,47
NQ=F,9/27/2016 4:00,4813.75,4864.5,4800.75,4860.75,227156,51,49,48
NQ=F,9/28/2016 4:00,4857.5,4873.25,4844.75,4868.25,208679,50,50,47
NQ=F,9/29/2016 4:00,4866.75,4876.5,4812.5,4844.25,306337,49,51,44
NQ=F,9/30/2016 4:00,4839.25,4885.5,4811.75,4870.25,248154,48,52,44
NQ=F,10/3/2016 4:00,4867.25,4879.5,4842.75,4865.75,177125,48,52,48
NQ=F,10/4/2016 4:00,4866.75,4888,4836.25,4857.5,276978,51,49,47
NQ=F,10/5/2016 4:00,4856.5,4888.5,4849.25,4873.5,182962,51,49,48
NQ=F,10/6/2016 4:00,4874,4881,4845.5,4872,187196,52,48,46
NQ=F,10/7/2016 4:00,4870.25,4883.75,4834.75,4859,281205,49,51,46
NQ=F,10/11/2016 4:00,4892,4897.25,4798,4827,316603,51,49,47
NQ=F,10/12/2016 4:00,4822.25,4842,4800.25,4813.5,234222,50,50,50
NQ=F,10/13/2016 4:00,4804.75,4813,4754.5,4796,297938,54,46,50
NQ=F,10/14/2016 4:00,4796,4841,4786.25,4804.25,237878,55,45,51
NQ=F,10/17/2016 4:00,4803.5,4810.5,4781,4803.25,179668,55,45,50
NQ=F,10/18/2016 4:00,4802.25,4856.75,4799.75,4827,205551,57,43,52
NQ=F,10/19/2016 4:00,4823.75,4840.25,4811,4830.25,148339,56,44,52
NQ=F,10/20/2016 4:00,4828.25,4847.25,4798.75,4843.75,248117,55,45,54
NQ=F,10/21/2016 4:00,4844.25,4849,4814.75,4843.25,188661,58,42,54
NQ=F,10/24/2016 4:00,4847.25,4908.75,4842.75,4902.75,182257,57,43,53
NQ=F,10/25/2016 4:00,4906.25,4919.5,4873.5,4886,184984,59,41,52
NQ=F,10/26/2016 4:00,4874,4881.75,4839.5,4853.75,234117,60,40,56
NQ=F,10/27/2016 4:00,4852,4880.25,4804.25,4807,261342,59,41,57
NQ=F,10/28/2016 4:00,4818.25,4843.25,4786.5,4806,325145,58,42,57
NQ=F,10/31/2016 4:00,4795.25,4830,4788.25,4796.75,199169,61,39,56
NQ=F,11/1/2016 4:00,4802.75,4817,4718.75,4757.25,307806,61,39,57
NQ=F,11/2/2016 4:00,4754.5,4768.5,4708.25,4716.75,300313,57,43,55
NQ=F,11/3/2016 4:00,4700,4729.5,4668.25,4674.5,280599,56,44,52
NQ=F,11/4/2016 4:00,4671.25,4695.5,4651.25,4657.75,264048,55,45,51
NQ=F,11/7/2016 5:00,4709.75,4781.75,4709.75,4775.75,223773,55,45,54
NQ=F,11/8/2016 5:00,4777.5,4822.5,4752.75,4802.25,219987,54,46,51
NQ=F,11/9/2016 5:00,4807.25,4837.5,4558.5,4820.5,719499,53,47,51
NQ=F,11/10/2016 5:00,4817.5,4879.75,4679.25,4743.75,555100,55,45,52
NQ=F,11/14/2016 5:00,4753,4784.5,4672.75,4694.5,285041,53,47,51
NQ=F,11/15/2016 5:00,4692.75,4779.25,4688,4766,238486,53,47,51
NQ=F,11/16/2016 5:00,4765,4794.75,4736.25,4783.25,195711,52,48,51
NQ=F,11/17/2016 5:00,4781.5,4831.5,4778,4828.5,190166,51,49,45
NQ=F,11/18/2016 5:00,4828.75,4840.5,4803,4808.5,168797,51,49,47
NQ=F,11/21/2016 5:00,4813.5,4862,4803.25,4854,167542,49,51,44
NQ=F,11/22/2016 5:00,4858,4884.75,4857,4874.75,157465,48,52,44
NQ=F,11/23/2016 5:00,4877.25,4882.5,4830.25,4849.5,159650,48,52,44
NQ=F,11/25/2016 5:00,4850.5,4870,4839.5,4868.5,75485,46,54,45
NQ=F,11/28/2016 5:00,4864.25,4879.75,4842.75,4861,143185,48,52,46
NQ=F,11/29/2016 5:00,4861,4897.75,4847.5,4875,175916,50,50,46
NQ=F,11/30/2016 5:00,4872.5,4885.5,4812.5,4816,231494,57,43,48
NQ=F,12/1/2016 5:00,4819,4827.5,4722.75,4736.5,291375,60,40,53
NQ=F,12/2/2016 5:00,4735.5,4759,4707.25,4738.5,235325,60,40,56
NQ=F,12/5/2016 5:00,4719,4795.75,4701.5,4780.5,207428,58,42,55
NQ=F,12/6/2016 5:00,4780.75,4796.5,4767.75,4786.75,185123,57,43,49
NQ=F,12/7/2016 5:00,4788.75,4854.75,4763.5,4841.75,232690,51,49,47
NQ=F,12/8/2016 5:00,4844.5,4869.5,4836,4863,225777,50,50,47
NQ=F,12/9/2016 5:00,4861.25,4897.5,4852.5,4893.75,133170,52,48,49
NQ=F,12/12/2016 5:00,4899,4917,4852.5,4867.75,124198,54,46,51
NQ=F,12/13/2016 5:00,4867,4962,4861.5,4937.75,131855,53,47,52
NQ=F,12/14/2016 5:00,4939.5,4956.5,4910.25,4931.75,74019,53,47,50
NQ=F,12/15/2016 5:00,4928.5,4960.75,4917.5,4934.5,48306,54,46,51
NQ=F,12/16/2016 5:00,4938,4948.25,4930.25,4943.5,185358,52,48,48
NQ=F,12/19/2016 5:00,4915.75,4966.25,4912.5,4938.75,146138,50,50,47
NQ=F,12/20/2016 5:00,4939.5,4963.25,4938.5,4956,109979,50,50,47
NQ=F,12/21/2016 5:00,4956,4960,4939.25,4949.5,90653,48,52,47
NQ=F,12/22/2016 5:00,4948,4953,4917,4936.5,110522,49,51,47
NQ=F,12/23/2016 5:00,4933.75,4943.75,4922.75,4942.25,69061,52,48,46
NQ=F,12/27/2016 5:00,4942,4994.5,4940,4961.25,100365,51,49,49
NQ=F,12/28/2016 5:00,4961.25,4979.25,4920.25,4923.75,136664,52,48,49
NQ=F,12/29/2016 5:00,4923.75,4933.5,4901.25,4918.5,121556,52,48,50
NQ=F,12/30/2016 5:00,4920.5,4940,4850,4864,197659,51,49,51
NQ=F,1/3/2017 5:00,4876.75,4927.5,4876.75,4906.25,215983,51,49,49
NQ=F,1/4/2017 5:00,4906.5,4942.5,4903,4933.5,171952,54,46,51
NQ=F,1/5/2017 5:00,4934.75,4964.25,4920.5,4962,169565,54,46,51
NQ=F,1/6/2017 5:00,4962.5,5017.5,4952.5,5004,183315,55,45,53
NQ=F,1/9/2017 5:00,5004.5,5029.5,5002.5,5022,148112,57,43,54
NQ=F,1/10/2017 5:00,5022,5047,5007.25,5031.25,153774,56,44,56
NQ=F,1/11/2017 5:00,5032.75,5048.25,5007.5,5046.5,218752,56,44,53
NQ=F,1/12/2017 5:00,5044.5,5044.75,4990.25,5034.75,212324,57,43,52
NQ=F,1/13/2017 5:00,5035.25,5063.25,5035.25,5061.25,136613,56,44,50
NQ=F,1/17/2017 5:00,5056.25,5059,5025,5040.25,198098,52,48,50
NQ=F,1/18/2017 5:00,5040.5,5057.25,5034,5054.5,159690,51,49,49
NQ=F,1/19/2017 5:00,5053.25,5074.75,5036.5,5053.5,185603,50,50,50
NQ=F,1/20/2017 5:00,5055.5,5083,5044.75,5058.25,216184,51,49,48
NQ=F,1/23/2017 5:00,5059,5069.75,5030.25,5063.5,181150,52,48,48
NQ=F,1/24/2017 5:00,5063.75,5104,5060,5096.25,141578,52,48,50
NQ=F,1/25/2017 5:00,5100,5150,5099.75,5146.5,153214,53,47,51
NQ=F,1/26/2017 5:00,5148.25,5168.5,5141.75,5147.75,173375,53,47,49
NQ=F,1/27/2017 5:00,5144.25,5167.5,5139.25,5162.5,138335,56,44,55
NQ=F,1/30/2017 5:00,5146.25,5154.5,5094.5,5124.5,249340,56,44,52
NQ=F,1/31/2017 5:00,5123.5,5135,5083.25,5112.75,214696,58,42,55
NQ=F,2/1/2017 5:00,5132,5158.25,5123,5148.5,237364,57,43,55
NQ=F,2/2/2017 5:00,5147.75,5157.5,5119.5,5131,209875,55,45,55
NQ=F,2/3/2017 5:00,5129.5,5162.25,5119.75,5155,181444,55,45,55
NQ=F,2/6/2017 5:00,5157.25,5163.5,5140.25,5157.75,145402,55,45,54
NQ=F,2/7/2017 5:00,5157,5192,5154.25,5176.75,164423,57,43,54
NQ=F,2/8/2017 5:00,5175,5197,5163.5,5191.25,166260,58,42,55
NQ=F,2/9/2017 5:00,5189.75,5219.25,5186.25,5212.25,157897,56,44,54
NQ=F,2/10/2017 5:00,5211.25,5232.5,5209.75,5226.75,147032,57,43,55
NQ=F,2/13/2017 5:00,5229.25,5261.5,5226.75,5259.25,144520,57,43,57
NQ=F,2/14/2017 5:00,5259.25,5278,5239.75,5276,166904,57,43,56
NQ=F,2/15/2017 5:00,5274.5,5313.5,5265.25,5310,168262,58,42,47
NQ=F,2/16/2017 5:00,5313,5317,5288.5,5300.5,209931,54,46,49
NQ=F,2/17/2017 5:00,5300.25,5328.75,5286.75,5325.75,170805,59,41,51
NQ=F,2/21/2017 5:00,5323.5,5353.75,5320.5,5343.75,192758,60,40,56
NQ=F,2/22/2017 5:00,5345.5,5355.5,5336.25,5351,156582,60,40,57
NQ=F,2/23/2017 5:00,5352.5,5361.25,5310.75,5332,240394,59,41,58
NQ=F,2/24/2017 5:00,5329.25,5344.5,5299,5343.25,211944,59,41,56
NQ=F,2/27/2017 5:00,5340,5352.5,5323.25,5347.5,153779,56,44,54
NQ=F,2/28/2017 5:00,5345,5350,5317,5332.25,168037,57,43,54
NQ=F,3/1/2017 5:00,5334.5,5400,5332,5386,241769,57,43,52
NQ=F,3/2/2017 5:00,5382.75,5393.75,5356.25,5364.75,206020,53,47,51
NQ=F,3/3/2017 5:00,5358.75,5373.5,5344.25,5372,176727,52,48,52
NQ=F,3/6/2017 5:00,5369,5374.5,5339,5361,166727,52,48,51
NQ=F,3/7/2017 5:00,5354.75,5374.25,5341.5,5349.75,180791,53,47,51
NQ=F,3/8/2017 5:00,5350,5377.25,5333.75,5363,221615,,,
NQ=F,3/9/2017 5:00,5362.25,5372,5335.5,5366.75,249227,,,
NQ=F,3/10/2017 5:00,5370,5395.25,5363,5382,159754,,,
NQ=F,3/13/2017 4:00,5381,5396.5,5371.75,5395.5,85360,,,
NQ=F,3/14/2017 4:00,5394.5,5396.75,5360,5381.5,92067,,,
NQ=F,3/15/2017 4:00,5380.5,5427.25,5376,5415.25,63828,,,
NQ=F,3/16/2017 4:00,5412.25,5440,5398.75,5413,35580,,,
NQ=F,3/17/2017 4:00,5411.75,5423,5405.75,5417.25,143955,,,
NQ=F,3/20/2017 4:00,5407.25,5428,5396,5418.5,144687,,,
NQ=F,3/21/2017 4:00,5415.75,5441,5330,5338.25,414738,,,
NQ=F,3/22/2017 4:00,5334.25,5376.25,5315,5365.75,335865,,,
NQ=F,3/23/2017 4:00,5365.5,5378.5,5347.25,5354.5,269772,,,
NQ=F,3/24/2017 4:00,5357,5395,5347.5,5378.75,294980,,,
NQ=F,3/27/2017 4:00,5360,5385.75,5317.25,5379,276499,,,
NQ=F,3/28/2017 4:00,5382.5,5424.75,5363.5,5405,245032,,,
NQ=F,3/29/2017 4:00,5409,5437.5,5404.75,5436,173940,,,
NQ=F,3/30/2017 4:00,5436,5451,5426.5,5437.5,163121,,,
NQ=F,3/31/2017 4:00,5440.75,5452.75,5421,5438.5,166661,,,
NQ=F,4/3/2017 4:00,5436.75,5455,5403.25,5434.5,264740,,,
NQ=F,4/4/2017 4:00,5432.75,5448,5406.75,5444,195119,,,
NQ=F,4/5/2017 4:00,5447,5481.25,5409,5416.25,301129,,,
NQ=F,4/6/2017 4:00,5414,5437.25,5390,5422.75,287867,,,
NQ=F,4/7/2017 4:00,5426.75,5436,5382.75,5421.25,243807,,,
NQ=F,4/10/2017 4:00,5420.75,5443.75,5405.75,5422.25,197534,,,
NQ=F,4/11/2017 4:00,5426.75,5429.25,5358,5401.75,332142,,,
NQ=F,4/12/2017 4:00,5402.75,5412.75,5369,5372.75,251108,,,
NQ=F,4/13/2017 4:00,5369,5399.5,5347.5,5359,278784,,,
NQ=F,4/17/2017 4:00,5352.75,5399.5,5347.75,5395.25,148626,,,
NQ=F,4/18/2017 4:00,5397.5,5405.25,5375.5,5389.25,246219,,,
NQ=F,4/19/2017 4:00,5389.75,5430.75,5388.75,5397.75,213579,,,
NQ=F,4/20/2017 4:00,5398,5454.75,5394.5,5442.75,231392,,,
NQ=F,4/21/2017 4:00,5445,5454.75,5427.5,5442,193756,,,
NQ=F,4/24/2017 4:00,5471,5512.75,5471,5504,212519,,,
NQ=F,4/25/2017 4:00,5502,5557.25,5499,5548.25,172850,,,
NQ=F,4/26/2017 4:00,5546.75,5562.5,5535,5536.25,221754,,,
NQ=F,4/27/2017 4:00,5535.25,5599,5534.25,5591,194734,,,
NQ=F,4/28/2017 4:00,5584.5,5597.75,5571.75,5580.5,185941,,,
NQ=F,5/1/2017 4:00,5581,5637.25,5573.5,5630.75,166028,,,
NQ=F,5/2/2017 4:00,5629,5641.75,5622.5,5639.75,169050,,,
NQ=F,5/3/2017 4:00,5621,5631,5606,5613.25,206431,,,
NQ=F,5/4/2017 4:00,5609,5634,5603.75,5625.75,223464,,,
NQ=F,5/5/2017 4:00,5627,5649.5,5612.5,5648.25,166263,,,
NQ=F,5/8/2017 4:00,5658.25,5660.5,5634.5,5655.5,164353,,,
NQ=F,5/9/2017 4:00,5654.25,5687.75,5650.75,5676.25,194000,,,
NQ=F,5/10/2017 4:00,5678.5,5679.75,5658.25,5675.5,174081,,,
NQ=F,5/11/2017 4:00,5674.75,5676.25,5636.25,5670.75,238806,,,
NQ=F,5/12/2017 4:00,5670,5689.75,5656.5,5689,186832,,,
NQ=F,5/15/2017 4:00,5689.5,5706.5,5682.5,5701.25,180918,,,
NQ=F,5/16/2017 4:00,5705,5727.25,5696.25,5724.25,183423,,,
NQ=F,5/17/2017 4:00,5723.5,5724,5574.75,5578.75,506880,,,
NQ=F,5/18/2017 4:00,5575.5,5648.5,5550.5,5630.5,522258,,,
NQ=F,5/19/2017 4:00,5631.5,5676.5,5622,5653.25,292202,,,
NQ=F,5/22/2017 4:00,5652.75,5704.25,5648.75,5702,198203,,,
NQ=F,5/23/2017 4:00,5701.5,5718.5,5688.5,5711.5,219010,,,
NQ=F,5/24/2017 4:00,5709.5,5734.5,5705.25,5731.25,191514,,,
NQ=F,5/25/2017 4:00,5731.5,5795.5,5731.25,5782,239940,,,
NQ=F,5/26/2017 4:00,5781.25,5796.5,5772.75,5792.25,163404,,,
NQ=F,5/30/2017 4:00,5793,5803.5,5778.25,5792,197717,,,
NQ=F,5/31/2017 4:00,5792.5,5819.25,5763.75,5793.25,332645,,,
NQ=F,6/1/2017 4:00,5804.75,5824,5780.5,5822,266069,,,
NQ=F,6/2/2017 4:00,5823.75,5886.75,5822,5886,298205,,,
NQ=F,6/5/2017 4:00,5878.25,5891.25,5872.75,5880.75,177414,,,
NQ=F,6/6/2017 4:00,5880.25,5893.25,5848.5,5863.25,257087,,,
NQ=F,6/7/2017 4:00,5862.25,5884.75,5845.75,5879.75,274935,,,
NQ=F,6/8/2017 4:00,5877.75,5897.75,5853.5,5885,266471,,,
NQ=F,6/9/2017 4:00,5872.5,5898.75,5660.25,5740.5,425289,,,
NQ=F,6/12/2017 4:00,5740.5,5746.5,5634.5,5711,260181,,,
NQ=F,6/13/2017 4:00,5713.25,5760.25,5706.75,5751.25,144808,,,
NQ=F,6/14/2017 4:00,5752.25,5780,5680,5725.25,120807,,,
NQ=F,6/15/2017 4:00,5722.75,5724.5,5633.75,5702.5,64524,,,
NQ=F,6/16/2017 4:00,5701.5,5720,5685,5702,356290,,,
NQ=F,6/19/2017 4:00,5694.25,5782.5,5683.25,5766,271968,,,
NQ=F,6/20/2017 4:00,5766.75,5784,5729,5732.75,301241,,,
NQ=F,6/21/2017 4:00,5728.25,5796.5,5699,5796,319202,,,
NQ=F,6/22/2017 4:00,5793.25,5814.5,5770.75,5785.75,233021,,,
NQ=F,6/23/2017 4:00,5785.5,5815.5,5763,5812.25,213552,,,
NQ=F,6/26/2017 4:00,5803,5852,5768,5778.25,311741,,,
NQ=F,6/27/2017 4:00,5780.75,5784,5669,5676.5,418001,,,
NQ=F,6/28/2017 4:00,5673.75,5768.75,5632,5763.5,396603,,,
NQ=F,6/29/2017 4:00,5766.25,5776,5601,5653,604720,,,
NQ=F,6/30/2017 4:00,5648.25,5686.5,5623.5,5652.75,336513,,,
NQ=F,7/5/2017 4:00,5591.25,5667.75,5560.25,5651.5,392297,,,
NQ=F,7/6/2017 4:00,5650.5,5652.75,5580,5596.75,370735,,,
NQ=F,7/7/2017 4:00,5598.5,5676.5,5591.5,5655.75,266767,,,
NQ=F,7/10/2017 4:00,5663,5711.5,5650,5694,241360,,,
NQ=F,7/11/2017 4:00,5692,5722.5,5667.5,5720,283454,,,
NQ=F,7/12/2017 4:00,5719.5,5790,5712.75,5785.75,262329,,,
NQ=F,7/13/2017 4:00,5786.75,5812,5777.25,5797.5,240958,,,
NQ=F,7/14/2017 4:00,5799.5,5847.75,5787.75,5843.25,230871,,,
NQ=F,7/17/2017 4:00,5843.5,5863.75,5831.25,5855,217890,,,
NQ=F,7/18/2017 4:00,5858.25,5898.5,5820.25,5882.75,246038,,,
NQ=F,7/19/2017 4:00,5895.5,5925,5889,5918.25,233290,,,
NQ=F,7/20/2017 4:00,5919.5,5938.5,5897,5925.25,265354,,,
NQ=F,7/21/2017 4:00,5930.75,5931.25,5890.5,5918.75,254484,,,
NQ=F,7/24/2017 4:00,5919.25,5954.75,5905,5934,195018,,,
NQ=F,7/25/2017 4:00,5925.25,5946.25,5915.75,5933.75,237095,,,
NQ=F,7/26/2017 4:00,5933.75,5958,5927,5948,190190,,,
NQ=F,7/27/2017 4:00,5961,5995.75,5844.75,5909.5,539445,,,
NQ=F,7/28/2017 4:00,5909,5918.25,5850,5910.25,338476,,,
NQ=F,7/31/2017 4:00,5910,5933.5,5870.25,5882.5,280483,,,
NQ=F,8/1/2017 4:00,5884.5,5931.25,5875.5,5889.25,229005,,,
NQ=F,8/2/2017 4:00,5933,5947.5,5856.25,5910.75,389618,,,
NQ=F,8/3/2017 4:00,5911.25,5924.5,5877.25,5890,289423,,,
NQ=F,8/4/2017 4:00,5889,5912,5874.25,5898,256730,,,
NQ=F,8/7/2017 4:00,5900,5937.75,5898,5934,165201,,,
NQ=F,8/8/2017 4:00,5935,5972.75,5907.5,5918,305079,,,
NQ=F,8/9/2017 4:00,5913.25,5924.5,5861.75,5922.5,377648,,,
NQ=F,8/10/2017 4:00,5922.5,5923,5767.25,5789.75,548167,,,
NQ=F,8/11/2017 4:00,5769,5845.75,5761,5838.25,394754,,,
NQ=F,8/14/2017 4:00,5837.25,5916.75,5837.25,5910,261541,,,
NQ=F,8/15/2017 4:00,5913.5,5945,5895.5,5912,249827,,,
NQ=F,8/16/2017 4:00,5915.25,5949.5,5902,5923.5,293910,,,
NQ=F,8/17/2017 4:00,5920,5923.75,5786.5,5800.25,511900,,,
NQ=F,8/18/2017 4:00,5792.25,5835,5772.5,5801.25,443313,,,
NQ=F,8/21/2017 4:00,5805,5816.75,5752.25,5794,360383,,,
NQ=F,8/22/2017 4:00,5795.25,5882.25,5794.25,5878.5,307895,,,
NQ=F,8/23/2017 4:00,5878.25,5884,5841.5,5848,301682,,,
NQ=F,8/24/2017 4:00,5845.75,5874.25,5803.25,5840.5,372774,,,
NQ=F,8/25/2017 4:00,5845.25,5874,5816.5,5825,300167,,,
NQ=F,8/28/2017 4:00,5819.75,5856,5801.25,5844.75,216424,,,
NQ=F,8/29/2017 4:00,5820,5875.5,5777.25,5869.75,334338,,,
NQ=F,8/30/2017 4:00,5869.75,5944,5862.5,5935,273971,,,
NQ=F,8/31/2017 4:00,5936.25,5998,5932.5,5990.75,273833,,,
NQ=F,9/1/2017 4:00,5994,6019.75,5973.25,5988.25,229855,,,
NQ=F,9/5/2017 4:00,5956.5,5984.75,5889.5,5939.25,485650,,,
NQ=F,9/6/2017 4:00,5943.5,5965.75,5909.25,5955,335781,,,
NQ=F,9/7/2017 4:00,5952,5981.5,5932.25,5970,301526,,,
NQ=F,9/8/2017 4:00,5969.25,5972,5907.5,5916.25,190958,,,
NQ=F,9/11/2017 4:00,5928.75,5991.75,5928.75,5982.5,160000,,,
NQ=F,9/12/2017 4:00,5981.25,6004,5967.5,5996.5,125609,,,
NQ=F,9/13/2017 4:00,5999,6005.25,5975.5,6002,76177,,,
NQ=F,9/14/2017 4:00,6001.75,6002.5,5963.5,5966.25,72484,,,
NQ=F,9/15/2017 4:00,5965.25,5978.25,5945.25,5974,268013,,,
NQ=F,9/18/2017 4:00,5999.25,6018.25,5967.25,5986.75,235721,,,
NQ=F,9/19/2017 4:00,5989.75,6004.75,5975,5997,212483,,,
NQ=F,9/20/2017 4:00,5997,6000.5,5930.5,5978.5,347504,,,
NQ=F,9/21/2017 4:00,5976,5980.25,5919.25,5945.25,343404,,,
NQ=F,9/22/2017 4:00,5944.25,5945.5,5911,5935.75,272649,,,
NQ=F,9/25/2017 4:00,5930.75,5954.25,5842,5876.5,447828,,,
NQ=F,9/26/2017 4:00,5878.75,5912.5,5862.75,5892.5,343472,,,
NQ=F,9/27/2017 4:00,5889.75,5963,5886.5,5941,349282,,,
NQ=F,9/28/2017 4:00,5936,5948.25,5911.25,5938.5,268097,,,
NQ=F,9/29/2017 4:00,5939.25,5985.5,5933,5982.5,275661,,,
NQ=F,10/2/2017 4:00,5984,6009.75,5958.5,5980.5,269518,,,
NQ=F,10/3/2017 4:00,5985.5,6004.75,5978.75,5998,207901,,,
NQ=F,10/4/2017 4:00,5999,6015.5,5979.5,6004,236714,,,
NQ=F,10/5/2017 4:00,6005,6068,6001,6065.75,254723,,,
NQ=F,10/6/2017 4:00,6062.25,6071.5,6037.5,6064.25,232608,,,
NQ=F,10/9/2017 4:00,6062.5,6084,6054.75,6064.5,155751,,,
NQ=F,10/10/2017 4:00,6062.25,6088.5,6039,6065.25,238961,,,
NQ=F,10/11/2017 4:00,6064.5,6086,6053.25,6082.5,180901,,,
NQ=F,10/12/2017 4:00,6083.5,6097,6066.5,6074.75,200082,,,
NQ=F,10/13/2017 4:00,6073,6104,6068.5,6099.75,178530,,,
NQ=F,10/16/2017 4:00,6101.5,6121.5,6098,6120.25,167591,,,
NQ=F,10/17/2017 4:00,6119.75,6125.5,6105,6123.75,154430,,,
NQ=F,10/18/2017 4:00,6122.25,6132.75,6108,6119.25,180414,,,
NQ=F,10/19/2017 4:00,6121.25,6121.75,6051.25,6097.75,332212,,,
NQ=F,10/20/2017 4:00,6097.75,6129.5,6090.5,6111,222217,,,
NQ=F,10/23/2017 4:00,6109.5,6128,6060.5,6064.75,247882,,,
NQ=F,10/24/2017 4:00,6064.75,6092.5,6057,6079.5,235526,,,
NQ=F,10/25/2017 4:00,6073.5,6087.5,6011,6064.5,436671,,,
NQ=F,10/26/2017 4:00,6065,6096.25,6035,6084.75,320283,,,
NQ=F,10/27/2017 4:00,6092,6225.75,6078.75,6215.25,435844,,,
NQ=F,10/30/2017 4:00,6209.5,6251.5,6202.25,6224.25,360344,,,
NQ=F,10/31/2017 4:00,6221.75,6258.75,6219.25,6249.75,239132,,,
NQ=F,11/1/2017 4:00,6249.75,6284.5,6223.5,6240.75,346061,,,
NQ=F,11/2/2017 4:00,6230,6263,6192.5,6235.75,356528,,,
NQ=F,11/3/2017 4:00,6252.5,6296.75,6236,6290.5,301691,,,
NQ=F,11/6/2017 5:00,6285.25,6317.5,6268,6313.5,218392,,,
NQ=F,11/7/2017 5:00,6311.5,6331.5,6296.25,6316,284157,,,
NQ=F,11/8/2017 5:00,6310.5,6345.5,6301.5,6341.5,218248,,,
NQ=F,11/9/2017 5:00,6342.25,6351.5,6244.75,6314.5,550267,,,
NQ=F,11/10/2017 5:00,6312.75,6321,6281,6309.25,266728,,,
NQ=F,11/13/2017 5:00,6312.5,6325,6281,6312,229366,,,
NQ=F,11/14/2017 5:00,6310.75,6318.25,6262.75,6293.5,342800,,,
NQ=F,11/15/2017 5:00,6293.5,6294.75,6230.75,6266.25,399624,,,
NQ=F,11/16/2017 5:00,6264.5,6358.5,6260.75,6341,339694,,,
NQ=F,11/17/2017 5:00,6342.75,6351.75,6308.5,6313.25,275846,,,
NQ=F,11/20/2017 5:00,6312,6329.25,6291.25,6316,203721,,,
NQ=F,11/21/2017 5:00,6315.75,6385.25,6311.25,6379.5,216030,,,
NQ=F,11/22/2017 5:00,6381.25,6395.25,6375.25,6389.5,116314,,,
NQ=F,11/27/2017 5:00,6414.25,6424.5,6394.75,6413.25,204123,,,
NQ=F,11/28/2017 5:00,6413.25,6429.5,6388.75,6420.25,307329,,,
NQ=F,11/29/2017 5:00,6423.5,6428.5,6283,6305.5,625761,,,
NQ=F,11/30/2017 5:00,6306.5,6377.5,6289,6369,457769,,,
NQ=F,12/1/2017 5:00,6353.75,6369,6246,6346.25,608005,,,
NQ=F,12/4/2017 5:00,6371,6391.75,6250.75,6265.25,520744,,,
NQ=F,12/5/2017 5:00,6255.5,6339.75,6231.75,6271.75,443788,,,
NQ=F,12/6/2017 5:00,6269,6307,6232.5,6293,363675,,,
NQ=F,12/7/2017 5:00,6298,6335.5,6288.75,6323,325352,,,
NQ=F,12/8/2017 5:00,6322.25,6379,6320.5,6340,180084,,,
NQ=F,12/11/2017 5:00,6343,6409.75,6339.75,6397.5,148290,,,
NQ=F,12/12/2017 5:00,6404.25,6407.75,6371.75,6384.25,134498,,,
NQ=F,12/13/2017 5:00,6385,6418.75,6365.5,6398.5,109048,,,
NQ=F,12/14/2017 5:00,6396.75,6425,6385.5,6391.75,79395,,,
NQ=F,12/15/2017 5:00,6389.5,6500,6384,6478,288903,,,
NQ=F,12/18/2017 5:00,6498,6542,6497.5,6535.25,220351,,,
NQ=F,12/19/2017 5:00,6535,6545.75,6479.75,6500.75,272966,,,
NQ=F,12/20/2017 5:00,6504,6529,6463.25,6489,276115,,,
NQ=F,12/21/2017 5:00,6486.75,6520.75,6476,6492.25,211561,,,
NQ=F,12/22/2017 5:00,6489.75,6501.75,6467.5,6483.75,130810,,,
NQ=F,12/26/2017 5:00,6482.5,6492,6432.25,6460,135130,,,
NQ=F,12/27/2017 5:00,6461.25,6475.5,6442,6454,158481,,,
NQ=F,12/28/2017 5:00,6452.25,6477.5,6442.25,6446.25,138254,,,
NQ=F,12/29/2017 5:00,6444.5,6467.75,6383.25,6408.75,210114,,,
NQ=F,1/2/2018 5:00,6405,6523.25,6397.75,6514.75,259593,,,
NQ=F,1/3/2018 5:00,6513.25,6591.25,6511.25,6584.5,223243,,,
NQ=F,1/4/2018 5:00,6583.75,6617.5,6580,6603.5,254577,,,
NQ=F,1/5/2018 5:00,6608,6671,6599.75,6667.75,214944,,,
NQ=F,1/8/2018 5:00,6667.75,6690.75,6653.25,6688,198494,,,
NQ=F,1/9/2018 5:00,6687.25,6707.25,6667.25,6687,272445,,,
NQ=F,1/10/2018 5:00,6679.75,6686.75,6628.25,6677.25,320261,,,
NQ=F,1/11/2018 5:00,6676.5,6728.75,6664.25,6726.5,228872,,,
NQ=F,1/12/2018 5:00,6725.5,6777.75,6703.25,6775.25,288871,,,
NQ=F,1/16/2018 5:00,6781.5,6845.75,6729.25,6762.25,516270,,,
NQ=F,1/17/2018 5:00,6762.75,6834.25,6744.75,6823.75,357653,,,
NQ=F,1/18/2018 5:00,6818,6838,6796,6813,314511,,,
NQ=F,1/19/2018 5:00,6816.5,6857,6801.5,6845.75,324203,,,
NQ=F,1/22/2018 5:00,6830.75,6941.25,6824.25,6931,262762,,,
NQ=F,1/23/2018 5:00,6929.75,6981.25,6919.75,6965.75,336204,,,
NQ=F,1/24/2018 5:00,6956.5,7004.25,6888.25,6931.25,526387,,,
NQ=F,1/25/2018 5:00,6933.5,6987.25,6902,6931.5,415464,,,
NQ=F,1/26/2018 5:00,6938,7034.5,6934.25,7030.25,326274,,,
NQ=F,1/29/2018 5:00,7030,7047.25,6980,6992.5,407157,,,
NQ=F,1/30/2018 5:00,6991.5,7006.5,6902.75,6941.5,524079,,,
NQ=F,1/31/2018 5:00,6938.25,6991,6921.5,6962.5,413798,,,
NQ=F,2/1/2018 5:00,6973,6987.75,6884.75,6898.5,492861,,,
NQ=F,2/2/2018 5:00,6954,6963.5,6752.25,6755.75,642482,,,
NQ=F,2/5/2018 5:00,6752.25,6813.5,6387.75,6429.25,931677,,,
NQ=F,2/6/2018 5:00,6473,6677.5,6260.25,6653.75,813419,,,
NQ=F,2/7/2018 5:00,6638,6717.75,6532,6555.75,593446,,,
NQ=F,2/8/2018 5:00,6542,6618.5,6301,6317.25,640585,,,
NQ=F,2/9/2018 5:00,6328,6455.5,6164,6417.75,787495,,,
NQ=F,2/12/2018 5:00,6434.5,6567.5,6414.25,6531.75,406083,,,
NQ=F,2/13/2018 5:00,6529.75,6571,6470.75,6560.5,382334,,,
NQ=F,2/14/2018 5:00,6559.5,6692.75,6456.25,6687,482298,,,
NQ=F,2/15/2018 5:00,6681,6827.5,6669.75,6816,458423,,,
NQ=F,2/16/2018 5:00,6816.25,6859.75,6762,6786.75,445962,,,
NQ=F,2/20/2018 5:00,6783.25,6843.75,6723.25,6790.5,461892,,,
NQ=F,2/21/2018 5:00,6788.25,6885.5,6741.25,6760.5,440206,,,
NQ=F,2/22/2018 5:00,6756.5,6831.5,6694.75,6788.75,439678,,,
NQ=F,2/23/2018 5:00,6792.5,6913.75,6782.75,6909.75,0,,,
NQ=F,2/26/2018 5:00,6918.25,7007.5,6890,7000,297831,,,
NQ=F,2/27/2018 5:00,7003.5,7009,6904,6915.75,498392,,,
NQ=F,2/28/2018 5:00,6913.75,6970.5,6857.75,6865,461819,,,
NQ=F,3/1/2018 5:00,6879.5,6898.75,6689,6760.75,793737,,,
NQ=F,3/2/2018 5:00,6763.75,6823.25,6646,6804.75,636240,,,
NQ=F,3/5/2018 5:00,6795.75,6904.5,6742.5,6877.5,467865,,,
NQ=F,3/6/2018 5:00,6880.5,6939.25,6871.75,6907.75,415228,,,
NQ=F,3/7/2018 5:00,6858,6937,6798.25,6924.5,498163,,,
NQ=F,3/8/2018 5:00,6922.75,6977.25,6913.5,6974.25,388688,,,
NQ=F,3/9/2018 5:00,6972,7103.75,6963,7098.25,225672,,,
NQ=F,3/12/2018 4:00,7099.25,7158.75,7090,7139.5,185865,,,
NQ=F,3/13/2018 4:00,7136.75,7188.5,7025.75,7058.25,208524,,,
NQ=F,3/14/2018 4:00,7039.5,7098,7012.25,7033.5,117327,,,
NQ=F,3/15/2018 4:00,7036.75,7076.75,7003.25,7046.5,56177,,,
NQ=F,3/16/2018 4:00,7050.5,7059.25,7031,7044,287434,,,
NQ=F,3/19/2018 4:00,7043,7043,6821.25,6914.25,571979,,,
NQ=F,3/20/2018 4:00,6911.75,6927.75,6863,6917.5,401041,,,
NQ=F,3/21/2018 4:00,6912.5,6951,6842.25,6884,454570,,,
NQ=F,3/22/2018 4:00,6883.25,6915,6686,6692,685491,,,
NQ=F,3/23/2018 4:00,6692.25,6721.25,6519,6554.25,748098,,,
NQ=F,3/26/2018 4:00,6549.75,6779,6525,6773.5,637180,,,
NQ=F,3/27/2018 4:00,6775.75,6849.25,6490,6561.25,731553,,,
NQ=F,3/28/2018 4:00,6550.25,6582.25,6421,6477.25,948120,,,
NQ=F,3/29/2018 4:00,6490.75,6653.75,6443.75,6594,647977,,,
NQ=F,4/2/2018 4:00,6557,6588.5,6326.5,6393.25,670690,,,
NQ=F,4/3/2018 4:00,6405.75,6496.75,6351.25,6469.25,681282,,,
NQ=F,4/4/2018 4:00,6466,6591.75,6306.75,6582.5,635562,,,
NQ=F,4/5/2018 4:00,6582,6654.5,6559,6600.25,495024,,,
NQ=F,4/6/2018 4:00,6608,6611.25,6408.5,6454.75,631810,,,
NQ=F,4/9/2018 4:00,6463,6618,6460,6497,482071,,,
NQ=F,4/10/2018 4:00,6490.5,6651.75,6471.75,6624.25,542219,,,
NQ=F,4/11/2018 4:00,6625.25,6663.25,6550.75,6592.75,443623,,,
NQ=F,4/12/2018 4:00,6596.25,6693.75,6589.75,6670.75,357175,,,
NQ=F,4/13/2018 4:00,6668.75,6713,6606.25,6640.75,465366,,,
NQ=F,4/16/2018 4:00,6674.25,6722,6639.25,6712,324486,,,
NQ=F,4/17/2018 4:00,6704.25,6844.75,6698.5,6828.75,325724,,,
NQ=F,4/18/2018 4:00,6819.5,6867,6796.75,6843.5,298181,,,
NQ=F,4/19/2018 4:00,6855.25,6866.25,6755.25,6780,376428,,,
NQ=F,4/20/2018 4:00,6777.75,6790.25,6646,6676.25,422339,,,
NQ=F,4/23/2018 4:00,6705.5,6728,6616.75,6667,384306,,,
NQ=F,4/24/2018 4:00,6660.75,6717.75,6467.25,6526.75,626789,,,
NQ=F,4/25/2018 4:00,6525.75,6576.25,6429.25,6555.75,544882,,,
NQ=F,4/26/2018 4:00,6583.25,6749,6559.25,6734.75,424984,,,
NQ=F,4/27/2018 4:00,6744.75,6772,6623,6669.75,481734,,,
NQ=F,4/30/2018 4:00,6668,6718,6595.5,6613,389473,,,
NQ=F,5/1/2018 4:00,6606,6740,6578.75,6692,360806,,,
NQ=F,5/2/2018 4:00,6715.5,6729.5,6625.25,6633.5,382532,,,
NQ=F,5/3/2018 4:00,6630.75,6671.5,6538,6664.5,518811,,,
NQ=F,5/4/2018 4:00,6666.5,6788.5,6610.5,6774.75,408713,,,
NQ=F,5/7/2018 4:00,6779,6851.25,6772.25,6826,323768,,,
NQ=F,5/8/2018 4:00,6817,6837.5,6771,6820.5,370356,,,
NQ=F,5/9/2018 4:00,6822,6901.25,6808.25,6896,316609,,,
NQ=F,5/10/2018 4:00,6896,6971.25,6888.75,6965,292974,,,
NQ=F,5/11/2018 4:00,6949.5,6979.5,6928.25,6960,263016,,,
NQ=F,5/14/2018 4:00,6958.25,7013.5,6955.5,6974,255900,,,
NQ=F,5/15/2018 4:00,6969,6976.75,6854.25,6890.5,432917,,,
NQ=F,5/16/2018 4:00,6895.5,6953.5,6875.5,6937.25,274261,,,
NQ=F,5/17/2018 4:00,6935.25,6962,6875,6905.75,325159,,,
NQ=F,5/18/2018 4:00,6908.5,6936.25,6862.25,6874,314569,,,
NQ=F,5/21/2018 4:00,6919,6957,6881.5,6915.75,293370,,,
NQ=F,5/22/2018 4:00,6914,6954.75,6890,6909.25,269992,,,
NQ=F,5/23/2018 4:00,6905.5,6961.5,6829.75,6957,390903,,,
NQ=F,5/24/2018 4:00,6956.75,6975,6885.25,6957.25,379490,,,
NQ=F,5/25/2018 4:00,6955,7003.75,6942.5,6960.25,317340,,,
NQ=F,5/29/2018 4:00,6989.5,6995,6890.5,6944.5,487638,,,
NQ=F,5/30/2018 4:00,6948,6994.75,6918.5,6987.25,303797,,,
NQ=F,5/31/2018 4:00,6978.5,7023.5,6958.25,6977,389141,,,
NQ=F,6/1/2018 4:00,6982.5,7090.5,6977.25,7083,335020,,,
NQ=F,6/4/2018 4:00,7079.75,7151.5,7071.75,7148.25,247834,,,
NQ=F,6/5/2018 4:00,7147.5,7187.5,7137.5,7179.25,256212,,,
NQ=F,6/6/2018 4:00,7181.75,7222.25,7142.25,7215,300300,,,
NQ=F,6/7/2018 4:00,7217.5,7234.25,7116.75,7161,410243,,,
NQ=F,6/8/2018 4:00,7160,7163,7077.75,7151.5,215656,,,
NQ=F,6/11/2018 4:00,7135,7189,7125,7170.25,173772,,,
NQ=F,6/12/2018 4:00,7165,7219.25,7155.5,7199.5,112997,,,
NQ=F,6/13/2018 4:00,7213.75,7262.75,7192,7204.25,94299,,,
NQ=F,6/14/2018 4:00,7203.25,7292.25,7178.25,7283.75,68895,,,
NQ=F,6/15/2018 4:00,7283.5,7291.75,7229.25,7257.5,364647,,,
NQ=F,6/18/2018 4:00,7276,7289.25,7208.75,7276,291954,,,
NQ=F,6/19/2018 4:00,7275,7279,7157.5,7252.25,450281,,,
NQ=F,6/20/2018 4:00,7253.75,7336.5,7226.75,7313.25,320649,,,
NQ=F,6/21/2018 4:00,7315.25,7358.5,7226.25,7237.75,424012,,,
NQ=F,6/22/2018 4:00,7228,7274,7198.25,7222.75,322915,,,
NQ=F,6/25/2018 4:00,7222.75,7222.75,6995.5,7073.5,598963,,,
NQ=F,6/26/2018 4:00,7064.25,7130,7040.5,7104,399009,,,
NQ=F,6/27/2018 4:00,7098.25,7151.5,6988,6998.25,546252,,,
NQ=F,6/28/2018 4:00,6998.75,7076.5,6956,7060.5,483220,,,
NQ=F,6/29/2018 4:00,7055.25,7123.75,7045,7066.75,396079,,,
NQ=F,7/2/2018 4:00,7068.25,7119.75,6987.5,7116.5,379570,,,
NQ=F,7/5/2018 4:00,7023,7128,7015,7125.75,378283,,,
NQ=F,7/6/2018 4:00,7118.75,7237.75,7101.25,7233.5,320304,,,
NQ=F,7/9/2018 4:00,7232.5,7303.5,7232.25,7300.25,269931,,,
NQ=F,7/10/2018 4:00,7300.75,7335.5,7259.5,7301.5,286748,,,
NQ=F,7/11/2018 4:00,7263.5,7290,7204.5,7253.75,373366,,,
NQ=F,7/12/2018 4:00,7259.75,7387,7249.5,7382.75,304341,,,
NQ=F,7/13/2018 4:00,7382,7414.25,7367,7393,279818,,,
NQ=F,7/16/2018 4:00,7399.5,7413.75,7316,7325,246001,,,
NQ=F,7/17/2018 4:00,7320,7436,7292.5,7421.75,343273,,,
NQ=F,7/18/2018 4:00,7424.25,7437.75,7381.5,7404.5,267804,,,
NQ=F,7/19/2018 4:00,7400,7416,7354.75,7367.75,321505,,,
NQ=F,7/20/2018 4:00,7380.25,7413.75,7350.75,7360,302839,,,
NQ=F,7/23/2018 4:00,7368,7432.75,7311.5,7430.5,287213,,,
NQ=F,7/24/2018 4:00,7420.25,7489.75,7386.75,7416.25,406774,,,
NQ=F,7/25/2018 4:00,7410.5,7530,7397,7469.5,351372,,,
NQ=F,7/26/2018 4:00,7412.25,7450,7362,7430.75,392494,,,
NQ=F,7/27/2018 4:00,7429.5,7467,7263.5,7301.25,534684,,,
NQ=F,7/30/2018 4:00,7293,7309.25,7166.75,7200.5,497537,,,
NQ=F,7/31/2018 4:00,7210,7298,7189.25,7244.75,430194,,,
NQ=F,8/1/2018 4:00,7293,7303.75,7241,7277,370601,,,
NQ=F,8/2/2018 4:00,7284.25,7395.25,7214.25,7385.75,441069,,,
NQ=F,8/3/2018 4:00,7392,7415,7362.25,7402,298355,,,
NQ=F,8/6/2018 4:00,7404.25,7449.75,7387.5,7444,250166,,,
NQ=F,8/7/2018 4:00,7442.5,7486.75,7440.25,7477.25,260630,,,
NQ=F,8/8/2018 4:00,7478.25,7496,7442.5,7471.5,250480,,,
NQ=F,8/9/2018 4:00,7463.5,7505.5,7458.75,7475.5,236834,,,
NQ=F,8/10/2018 4:00,7472.25,7472.75,7390.75,7427,389778,,,
NQ=F,8/13/2018 4:00,7425.5,7479,7378.25,7417,377939,,,
NQ=F,8/14/2018 4:00,7420.5,7465,7397,7457.75,305390,,,
NQ=F,8/15/2018 4:00,7460.5,7464.75,7316.5,7374,521164,,,
NQ=F,8/16/2018 4:00,7380,7434.5,7363.25,7389,348395,,,
NQ=F,8/17/2018 4:00,7382.5,7407,7321.75,7387.75,366862,,,
NQ=F,8/20/2018 4:00,7390.5,7420.75,7351.5,7387,286070,,,
NQ=F,8/21/2018 4:00,7381.25,7452.25,7369,7397.5,320662,,,
NQ=F,8/22/2018 4:00,7374.25,7444.75,7352,7433.25,309493,,,
NQ=F,8/23/2018 4:00,7433.5,7475,7411.25,7424.5,356371,,,
NQ=F,8/24/2018 4:00,7427,7499.5,7422.75,7495.75,278682,,,
NQ=F,8/27/2018 4:00,7499,7569,7498.75,7568,280533,,,
NQ=F,8/28/2018 4:00,7568.25,7597.25,7564.25,7578,273330,,,
NQ=F,8/29/2018 4:00,7581,7674.5,7581,7668.75,311623,,,
NQ=F,8/30/2018 4:00,7672.75,7697,7626.25,7649,390929,,,
NQ=F,8/31/2018 4:00,7641.75,7682.25,7633.25,7661.25,346901,,,
NQ=F,9/4/2018 4:00,7670,7693.75,7586.75,7638.75,470667,,,
NQ=F,9/5/2018 4:00,7642.25,7643.25,7503.25,7531.75,522313,,,
NQ=F,9/6/2018 4:00,7530,7544.5,7407.75,7457.5,650890,,,
NQ=F,9/7/2018 4:00,7454.75,7494.75,7393,7438.5,606515,,,
NQ=F,9/10/2018 4:00,7433,7483.5,7414,7460.25,418797,,,
NQ=F,9/11/2018 4:00,7460.5,7524.75,7404.5,7512,467702,,,
NQ=F,9/12/2018 4:00,7515.25,7541,7425,7485.75,586137,,,
NQ=F,9/13/2018 4:00,7483.25,7583.25,7470,7564.5,459821,,,
NQ=F,9/14/2018 4:00,7563.5,7598.75,7515.25,7544.75,237770,,,
NQ=F,9/17/2018 4:00,7534,7547.25,7429.5,7436.25,197770,,,
NQ=F,9/18/2018 4:00,7434.25,7535.25,7393.5,7495.25,171310,,,
NQ=F,9/19/2018 4:00,7499.25,7517.25,7442.5,7497.5,95710,,,
NQ=F,9/20/2018 4:00,7500.5,7587.5,7485.25,7579.75,74390,,,
NQ=F,9/21/2018 4:00,7581.5,7619.25,7571,7589,371830,,,
NQ=F,9/24/2018 4:00,7539.75,7594,7473.75,7586,390762,,,
NQ=F,9/25/2018 4:00,7591,7603.25,7550.5,7595.25,318332,,,
NQ=F,9/26/2018 4:00,7598,7668,7577.5,7590.25,405833,,,
NQ=F,9/27/2018 4:00,7590.25,7686.25,7586,7657.25,377694,,,
NQ=F,9/28/2018 4:00,7663.5,7677,7617,7655.25,381496,,,
NQ=F,10/1/2018 4:00,7672,7728.75,7652,7675.5,358159,,,
NQ=F,10/2/2018 4:00,7675,7712.75,7630.25,7652.75,392577,,,
NQ=F,10/3/2018 4:00,7656.25,7703.75,7641.5,7664.75,394538,,,
NQ=F,10/4/2018 4:00,7651,7651,7456.5,7514.25,704908,,,
NQ=F,10/5/2018 4:00,7521,7540,7347,7436,735015,,,
NQ=F,10/8/2018 4:00,7443.25,7453.25,7286.5,7391.75,615687,,,
NQ=F,10/9/2018 4:00,7391,7455.75,7337,7399,583403,,,
NQ=F,10/10/2018 4:00,7394.75,7412,7000,7032,924204,,,
NQ=F,10/11/2018 4:00,7010.25,7138,6907.75,7031,1146270,,,
NQ=F,10/12/2018 4:00,7040.75,7197.75,7034.25,7172.25,772623,,,
NQ=F,10/15/2018 4:00,7176.75,7179,7060.75,7076.5,641765,,,
NQ=F,10/16/2018 4:00,7068.25,7357.5,7063.5,7353.75,614355,,,
NQ=F,10/17/2018 4:00,7339.75,7368.5,7221.5,7313.25,663303,,,
NQ=F,10/18/2018 4:00,7307.75,7309.5,7094.5,7137.75,705908,,,
NQ=F,10/19/2018 4:00,7154,7244.25,7092.75,7106.5,661050,,,
NQ=F,10/22/2018 4:00,7085.75,7210.5,7057,7155.25,650331,,,
NQ=F,10/23/2018 4:00,7155,7164,6944,7140.25,825811,,,
NQ=F,10/24/2018 4:00,7136.25,7175,6785.75,6836.25,895420,,,
NQ=F,10/25/2018 4:00,6878.5,7075.75,6816.75,6926.5,793502,,,
NQ=F,10/26/2018 4:00,6882,6986.5,6734.25,6893.25,1069548,,,
NQ=F,10/29/2018 4:00,6898,6991.5,6580.5,6736.25,905327,,,
NQ=F,10/30/2018 4:00,6719.25,6849.25,6661,6815.25,832546,,,
NQ=F,10/31/2018 4:00,6857,7039.25,6816.75,6975.5,755201,,,
NQ=F,11/1/2018 4:00,6960,7079.75,6936.75,7077.75,589071,,,
NQ=F,11/2/2018 4:00,6987.25,7143.25,6911.25,6980.25,793339,,,
NQ=F,11/5/2018 5:00,6972.75,6998.5,6865,6949.5,506045,,,
NQ=F,11/6/2018 5:00,6947.25,7034.75,6906.75,7016.5,514296,,,
NQ=F,11/7/2018 5:00,7011.5,7225,6971.5,7218.5,621601,,,
NQ=F,11/8/2018 5:00,7212.75,7231,7132,7166,477828,,,
NQ=F,11/9/2018 5:00,7145.75,7166.25,6989,7031.25,596695,,,
NQ=F,11/12/2018 5:00,7026.25,7103.75,6825.75,6835,702949,,,
NQ=F,11/13/2018 5:00,6847,6962,6801.25,6853,711516,,,
NQ=F,11/14/2018 5:00,6861.75,6929.5,6746,6768.25,731312,,,
NQ=F,11/15/2018 5:00,6780,6920.5,6712.25,6915.5,793461,,,
NQ=F,11/16/2018 5:00,6874.5,6915,6806.25,6895.25,691502,,,
NQ=F,11/19/2018 5:00,6875,6934.5,6632.25,6672,743936,,,
NQ=F,11/20/2018 5:00,6668.5,6670,6449.5,6532.5,910469,,,
NQ=F,11/21/2018 5:00,6527.75,6647.75,6509,6576.25,569302,,,
NQ=F,11/26/2018 5:00,6537.5,6696.5,6530.5,6673.25,503369,,,
NQ=F,11/27/2018 5:00,6639.5,6723,6613.25,6712.5,577173,,,
NQ=F,11/28/2018 5:00,6722.25,6923.5,6709.25,6918.25,639404,,,
NQ=F,11/29/2018 5:00,6907,6943.75,6843,6913.25,530605,,,
NQ=F,11/30/2018 5:00,6902.25,6967.25,6871.5,6949.5,485575,,,
NQ=F,12/3/2018 5:00,7041,7139,7015.25,7058.25,575964,,,
NQ=F,12/4/2018 5:00,7055.25,7055.25,6783,6803.25,811925,,,
NQ=F,12/6/2018 5:00,6834.5,6854.25,6630.25,6824.5,986103,,,
NQ=F,12/7/2018 5:00,6835.5,6856.5,6594.75,6623.5,854199,,,
NQ=F,12/10/2018 5:00,6596.25,6714.5,6535.25,6699.25,778327,,,
NQ=F,12/11/2018 5:00,6695,6808.75,6651.25,6717,734366,,,
NQ=F,12/12/2018 5:00,6686.5,6872,6683.5,6769,663375,,,
NQ=F,12/13/2018 5:00,6769,6838.5,6723,6752,626806,,,
NQ=F,12/14/2018 5:00,6752,6760.75,6583.25,6599.5,351779,,,
NQ=F,12/17/2018 5:00,6580,6635.25,6401.25,6466.25,323403,,,
NQ=F,12/18/2018 5:00,6471.25,6555.75,6435.75,6462.75,229055,,,
NQ=F,12/19/2018 5:00,6441.75,6594,6282.25,6334.75,174403,,,
NQ=F,12/20/2018 5:00,6331.75,6385.25,6161.75,6308.5,95448,,,
NQ=F,12/21/2018 5:00,6307.5,6317.75,6242,6257.25,862689,,,
NQ=F,12/26/2018 5:00,5902,6310,5820.5,6285.5,642440,,,
NQ=F,12/27/2018 5:00,6283,6333,6053.25,6323.5,740129,,,
NQ=F,12/28/2018 5:00,6309,6402.5,6243.75,6293.25,644735,,,
NQ=F,12/31/2018 5:00,6312.25,6376.75,6283,6333.25,386061,,,
NQ=F,1/2/2019 5:00,6349.5,6409.25,6154,6371,659316,,,
NQ=F,1/3/2019 5:00,6242.75,6304.25,6148.5,6162,714536,,,
NQ=F,1/4/2019 5:00,6168.75,6462,6136.5,6434,696539,,,
NQ=F,1/7/2019 5:00,6451.25,6535.75,6402.5,6496.5,516597,,,
NQ=F,1/8/2019 5:00,6506,6586.25,6467.25,6557.25,539049,,,
NQ=F,1/9/2019 5:00,6546.75,6645,6546.75,6604.75,496789,,,
NQ=F,1/10/2019 5:00,6597.25,6641.75,6527.5,6625.25,496364,,,
NQ=F,1/11/2019 5:00,6622.5,6632.5,6572,6612.75,364787,,,
NQ=F,1/14/2019 5:00,6599,6602.5,6521.5,6545,364990,,,
NQ=F,1/15/2019 5:00,6543,6689,6542.25,6676.75,492324,,,
NQ=F,1/16/2019 5:00,6674.5,6737.25,6664,6666.25,443742,,,
NQ=F,1/17/2019 5:00,6670,6760,6612.25,6720,472761,,,
NQ=F,1/18/2019 5:00,6722.75,6828.25,6712,6792.75,499881,,,
NQ=F,1/22/2019 5:00,6794.5,6794.5,6611.5,6653,651258,,,
NQ=F,1/23/2019 5:00,6652,6724.25,6592.25,6665.25,515044,,,
NQ=F,1/24/2019 5:00,6663,6718.5,6653,6675,449017,,,
NQ=F,1/25/2019 5:00,6684.5,6810.5,6676.75,6791.25,446822,,,
NQ=F,1/28/2019 5:00,6784.25,6791,6648.25,6701.75,490045,,,
NQ=F,1/29/2019 5:00,6695.25,6721,6616.75,6638.75,441622,,,
NQ=F,1/30/2019 5:00,6690.25,6845.25,6657.75,6837.25,526133,,,
NQ=F,1/31/2019 5:00,6844.25,6943,6839.25,6914.75,557023,,,
NQ=F,2/1/2019 5:00,6911,6927.5,6860.5,6877.75,461403,,,
NQ=F,2/4/2019 5:00,6863.75,6983,6858.25,6937.5,353660,,,
NQ=F,2/5/2019 5:00,6937.5,7033.75,6928.25,7008,369764,,,
NQ=F,2/6/2019 5:00,7009.25,7038.75,6972.25,6995.75,376560,,,
NQ=F,2/7/2019 5:00,6988,6994.75,6856.25,6905.5,595400,,,
NQ=F,2/8/2019 5:00,6902,6926.25,6841,6916.75,464342,,,
NQ=F,2/11/2019 5:00,6921.75,6969.5,6896.25,6914.25,384589,,,
NQ=F,2/12/2019 5:00,6908.5,7028.5,6903,7018.5,363950,,,
NQ=F,2/13/2019 5:00,7017.25,7069.75,7012,7016.25,359971,,,
NQ=F,2/14/2019 5:00,7017.25,7057.5,6972,7019.75,490159,,,
NQ=F,2/15/2019 5:00,7017.5,7095.25,6975.25,7063.75,430944,,,
NQ=F,2/19/2019 5:00,7063.75,7094.75,7035.25,7068.25,386613,,,
NQ=F,2/20/2019 5:00,7068.75,7105,7032.25,7073.25,418267,,,
NQ=F,2/21/2019 5:00,7070.75,7113.75,7005,7034.5,432866,,,
NQ=F,2/22/2019 5:00,7031.25,7101.25,7019.25,7088.25,367501,,,
NQ=F,2/25/2019 5:00,7108.5,7168.5,7102,7125.75,346624,,,
NQ=F,2/26/2019 5:00,7122,7151,7073.25,7117.75,362741,,,
NQ=F,2/27/2019 5:00,7109.25,7131.75,7048,7121.75,367938,,,
NQ=F,2/28/2019 5:00,7121.25,7130.75,7072.5,7102.5,360883,,,
NQ=F,3/1/2019 5:00,7106.5,7164.5,7098.25,7156,383198,,,
NQ=F,3/4/2019 5:00,7177,7211.5,7074.5,7145.75,556660,,,
NQ=F,3/5/2019 5:00,7144.5,7182,7124.25,7165.5,364928,,,
NQ=F,3/6/2019 5:00,7156,7171.25,7107,7111.25,444302,,,
NQ=F,3/7/2019 5:00,7109,7123.25,7003.25,7027.5,556540,,,
NQ=F,3/8/2019 5:00,7025.5,7034,6939,7026.75,312130,,,
NQ=F,3/11/2019 4:00,7022.25,7176.75,6997.5,7164.75,203726,,,
NQ=F,3/12/2019 4:00,7176,7223,7163.25,7206.5,167990,,,
NQ=F,3/13/2019 4:00,7209.25,7295.5,7183.75,7267.75,127111,,,
NQ=F,3/14/2019 4:00,7273.25,7293.5,7237.75,7239.75,82276,,,
NQ=F,3/15/2019 4:00,7245.75,7288,7243,7270.350098,412124,,,
NQ=F,3/18/2019 4:00,7338,7379.5,7321.75,7360.75,366874,,,
NQ=F,3/19/2019 4:00,7362.25,7421.25,7351.25,7376.5,427134,,,
NQ=F,3/20/2019 4:00,7378,7458,7349.5,7409.5,550615,,,
NQ=F,3/21/2019 4:00,7400.5,7541,7367.75,7534.5,523249,,,
NQ=F,3/22/2019 4:00,7526.75,7544.75,7353,7368.75,694561,,,
NQ=F,3/25/2019 4:00,7372.25,7390.5,7290,7355.25,596897,,,
NQ=F,3/26/2019 4:00,7363,7447.5,7340.5,7376.75,557412,,,
NQ=F,3/27/2019 4:00,7383.5,7404.75,7276,7334.5,592979,,,
NQ=F,3/28/2019 4:00,7323.5,7372.5,7289.5,7352,446378,,,
NQ=F,3/29/2019 4:00,7350.25,7414.5,7350.25,7400.5,395579,,,
NQ=F,4/1/2019 4:00,7430,7506.5,7428.5,7498.5,412914,,,
NQ=F,4/2/2019 4:00,7495.25,7532.5,7483.75,7519.25,359192,,,
NQ=F,4/3/2019 4:00,7517,7616.25,7513.25,7582.25,483546,,,
NQ=F,4/4/2019 4:00,7581.25,7598,7522,7561.5,432440,,,
NQ=F,4/5/2019 4:00,7565,7612.75,7556,7604.25,358710,,,
NQ=F,4/8/2019 4:00,7607.75,7629.25,7561.25,7623.5,333328,,,
NQ=F,4/9/2019 4:00,7625.75,7633.75,7578.75,7593.25,389517,,,
NQ=F,4/10/2019 4:00,7590.5,7646,7575.75,7641.25,332696,,,
NQ=F,4/11/2019 4:00,7644,7661,7601.5,7617.25,340950,,,
NQ=F,4/12/2019 4:00,7617,7665,7611,7652.25,346210,,,
NQ=F,4/15/2019 4:00,7654,7659,7598.75,7647.75,322483,,,
NQ=F,4/16/2019 4:00,7650.75,7695,7648.75,7679.5,373199,,,
NQ=F,4/17/2019 4:00,7676.5,7733.5,7668.5,7689.75,463944,,,
NQ=F,4/18/2019 4:00,7691.5,7723,7660.25,7712.5,393586,,,
NQ=F,4/22/2019 4:00,7715.25,7746.75,7669.75,7734.75,253668,,,
NQ=F,4/23/2019 4:00,7738,7843.75,7724.5,7838,427149,,,
NQ=F,4/24/2019 4:00,7833.5,7852.75,7802.25,7847.75,387633,,,
NQ=F,4/25/2019 4:00,7855.25,7879.5,7792,7798.5,488329,,,
NQ=F,4/26/2019 4:00,7799.25,7845.5,7755.5,7840.25,467051,,,
NQ=F,4/29/2019 4:00,7837.25,7867.75,7805.5,7813.75,320324,,,
NQ=F,4/30/2019 4:00,7805.25,7857,7740,7800,463833,,,
NQ=F,5/1/2019 4:00,7848.75,7867.25,7736,7756.5,484406,,,
NQ=F,5/2/2019 4:00,7737.75,7805,7682.25,7734.25,592822,,,
NQ=F,5/3/2019 4:00,7739,7872.5,7734.75,7865,454088,,,
NQ=F,5/6/2019 4:00,7810,7817.5,7667.5,7803.5,630196,,,
NQ=F,5/7/2019 4:00,7744.75,7804,7581.25,7674,838952,,,
NQ=F,5/8/2019 4:00,7663.75,7698,7600,7647.5,621509,,,
NQ=F,5/9/2019 4:00,7639.75,7644.5,7481,7595.25,741216,,,
NQ=F,5/10/2019 4:00,7591,7654.5,7435.75,7610.25,802652,,,
NQ=F,5/13/2019 4:00,7534.25,7551.5,7305,7314.75,773473,,,
NQ=F,5/14/2019 4:00,7315.25,7459.5,7290,7421,547769,,,
NQ=F,5/15/2019 4:00,7429.25,7538.5,7353.75,7529.25,535915,,,
NQ=F,5/16/2019 4:00,7524.25,7641,7473.5,7600.25,525588,,,
NQ=F,5/17/2019 4:00,7600.75,7620,7506.5,7511.5,626777,,,
NQ=F,5/20/2019 4:00,7514.75,7559.25,7361.5,7391.75,634294,,,
NQ=F,5/21/2019 4:00,7408.25,7485.25,7400.75,7464,436744,,,
NQ=F,5/22/2019 4:00,7462.75,7475,7391.25,7430,455678,,,
NQ=F,5/23/2019 4:00,7430.75,7434.75,7268,7311,640165,,,
NQ=F,5/24/2019 4:00,7316.75,7379.75,7300.5,7315.5,407810,,,
NQ=F,5/28/2019 4:00,7315.5,7371.75,7280.25,7295.25,528983,,,
NQ=F,5/29/2019 4:00,7291.5,7296,7183.25,7216,568052,,,
NQ=F,5/30/2019 4:00,7214.75,7271.25,7208.5,7255.25,403475,,,
NQ=F,5/31/2019 4:00,7251.75,7256,7129.25,7133.5,540433,,,
NQ=F,6/3/2019 4:00,7110,7132.5,6941.25,6993.75,771723,,,
NQ=F,6/4/2019 4:00,7008.75,7186.5,6981.75,7179.25,565396,,,
NQ=F,6/5/2019 4:00,7189,7245.25,7150.25,7228.5,534798,,,
NQ=F,6/6/2019 4:00,7213.75,7299.25,7181,7282.25,433916,,,
NQ=F,6/7/2019 4:00,7266.5,7453,7257.75,7419.5,484835,,,
NQ=F,6/10/2019 4:00,7469,7578.5,7431.25,7515.5,463884,,,
NQ=F,6/11/2019 4:00,7519.5,7600.75,7492.75,7518.25,461725,,,
NQ=F,6/12/2019 4:00,7517.75,7531,7461,7473.25,388858,,,
NQ=F,6/13/2019 4:00,7476,7536,7421,7522.75,396174,,,
NQ=F,6/14/2019 4:00,7503.25,7520.75,7451.5,7478.25,254822,,,
NQ=F,6/17/2019 4:00,7481,7550.75,7476,7534.25,184038,,,
NQ=F,6/18/2019 4:00,7542.25,7693.5,7514.75,7645.25,209971,,,
NQ=F,6/19/2019 4:00,7641,7685.75,7601.75,7674.25,112587,,,
NQ=F,6/20/2019 4:00,7668,7793,7660,7745.25,101514,,,
NQ=F,6/21/2019 4:00,7737,7743.25,7701.5,7723.609863,379078,,,
NQ=F,6/24/2019 4:00,7744.5,7794.25,7731.75,7758.75,260978,,,
NQ=F,6/25/2019 4:00,7753,7779.5,7609.5,7628.75,424811,,,
NQ=F,6/26/2019 4:00,7633,7719,7616.25,7650,376979,,,
NQ=F,6/27/2019 4:00,7641,7716.5,7640.75,7690.5,300152,,,
NQ=F,6/28/2019 4:00,7685.25,7726,7664,7693.75,310126,,,
NQ=F,7/1/2019 4:00,7781.5,7849.75,7759,7790,406594,,,
NQ=F,7/2/2019 4:00,7792.5,7843.25,7763,7838.25,297574,,,
NQ=F,7/5/2019 4:00,7887.75,7909.75,7797.25,7851.5,375287,,,
NQ=F,7/8/2019 4:00,7855,7863.5,7777.5,7801,342228,,,
NQ=F,7/9/2019 4:00,7802.25,7858.75,7743,7845.25,346314,,,
NQ=F,7/10/2019 4:00,7848,7949.5,7811.25,7928.75,442842,,,
NQ=F,7/11/2019 4:00,7924.25,7963.25,7894.25,7918.75,407894,,,
NQ=F,7/12/2019 4:00,7917.25,7967.5,7911.75,7960,299817,,,
NQ=F,7/15/2019 4:00,7958.25,7992,7941.25,7986.75,247176,,,
NQ=F,7/16/2019 4:00,7982.75,8001.5,7924,7942.75,303702,,,
NQ=F,7/17/2019 4:00,7939.75,7966.25,7868,7885.5,303890,,,
NQ=F,7/18/2019 4:00,7868,7954.75,7833,7933.5,413722,,,
NQ=F,7/19/2019 4:00,7950.5,7980.75,7815.25,7842.75,438469,,,
NQ=F,7/22/2019 4:00,7830,7936.5,7826.25,7924.75,355209,,,
NQ=F,7/23/2019 4:00,7926.5,7985.75,7908,7983.75,357765,,,
NQ=F,7/24/2019 4:00,7944,8051.75,7925.25,8038,356159,,,
NQ=F,7/25/2019 4:00,8004.5,8034.5,7917.25,7981.75,433945,,,
NQ=F,7/26/2019 4:00,7992,8040.75,7987.5,8019.75,322305,,,
NQ=F,7/29/2019 4:00,8017.5,8031.75,7951.75,8001.25,301214,,,
NQ=F,7/30/2019 4:00,8004.25,8020,7928.25,7963.25,394698,,,
NQ=F,7/31/2019 4:00,7992.5,8001.25,7782.25,7866.75,556437,,,
NQ=F,8/1/2019 4:00,7834,8014.5,7776.75,7808.25,772956,,,
NQ=F,8/2/2019 4:00,7797,7806,7650.25,7702.25,736453,,,
NQ=F,8/5/2019 4:00,7701.75,7705.5,7359.75,7385.25,848399,,,
NQ=F,8/6/2019 4:00,7349,7549,7224.5,7515.5,845239,,,
NQ=F,8/7/2019 4:00,7512.75,7577.5,7387.5,7553.25,851275,,,
NQ=F,8/8/2019 4:00,7553.5,7738.5,7526,7735.75,553666,,,
NQ=F,8/9/2019 4:00,7699.5,7724,7596.75,7660.25,619044,,,
NQ=F,8/12/2019 4:00,7654.5,7710,7534.75,7566.75,552715,,,
NQ=F,8/13/2019 4:00,7570.25,7789.5,7514,7748,674983,,,
NQ=F,8/14/2019 4:00,7746.5,7767.5,7477,7488.75,825231,,,
NQ=F,8/15/2019 4:00,7469,7572.75,7388.25,7496.25,705042,,,
NQ=F,8/16/2019 4:00,7509.25,7632.5,7502.5,7611.75,449473,,,
NQ=F,8/19/2019 4:00,7617.25,7750,7616,7727.5,401476,,,
NQ=F,8/20/2019 4:00,7717.25,7752,7655.5,7668,414176,,,
NQ=F,8/21/2019 4:00,7655,7765.75,7652.25,7750.25,344352,,,
NQ=F,8/22/2019 4:00,7756,7782.25,7654,7711.25,487622,,,
NQ=F,8/23/2019 4:00,7705.75,7762,7447.75,7504.5,763864,,,
NQ=F,8/26/2019 4:00,7435,7626,7353.25,7590.5,617907,,,
NQ=F,8/27/2019 4:00,7591.5,7648.5,7537,7562.75,520966,,,
NQ=F,8/28/2019 4:00,7564,7605.75,7504.25,7599.25,480975,,,
NQ=F,8/29/2019 4:00,7582.25,7730.25,7548.5,7712,447668,,,
NQ=F,8/30/2019 4:00,7704.25,7770.5,7646,7690.75,450746,,,
NQ=F,9/3/2019 4:00,7628.25,7695.5,7580.75,7617.5,643037,,,
NQ=F,9/4/2019 4:00,7614.25,7730,7608.5,7722.75,399672,,,
NQ=F,9/5/2019 4:00,7722,7886.75,7717.25,7855.5,478413,,,
NQ=F,9/6/2019 4:00,7853.5,7895,7838.25,7857.75,356484,,,
NQ=F,9/9/2019 4:00,7857,7887,7798.5,7830.75,372953,,,
NQ=F,9/10/2019 4:00,7834,7857.75,7744.25,7815,446533,,,
NQ=F,9/11/2019 4:00,7818.5,7905,7786.5,7889.75,383871,,,
NQ=F,9/12/2019 4:00,7893.25,7982.75,7886.75,7921.5,448979,,,
NQ=F,9/13/2019 4:00,7916.25,7958.5,7881.75,7886,243852,,,
NQ=F,9/16/2019 4:00,7856.75,7873.25,7776.25,7856.5,199321,,,
NQ=F,9/17/2019 4:00,7864,7897.5,7828,7890.25,147539,,,
NQ=F,9/18/2019 4:00,7890.75,7906.75,7790,7894.25,122281,,,
NQ=F,9/19/2019 4:00,7898.75,7951,7830.5,7896.25,69135,,,
NQ=F,9/20/2019 4:00,7899.5,7932.75,7890.75,7899.47998,425158,,,
NQ=F,9/23/2019 4:00,7839.25,7897.5,7807.75,7850.5,348180,,,
NQ=F,9/24/2019 4:00,7869,7904.75,7701.75,7735.25,609261,,,
NQ=F,9/25/2019 4:00,7738.25,7844.25,7663,7820.25,540081,,,
NQ=F,9/26/2019 4:00,7822.5,7842.75,7734.75,7787.25,489320,,,
NQ=F,9/27/2019 4:00,7787,7822,7641,7701.25,598171,,,
NQ=F,9/29/2019 4:00,7735.5,7759,7705.75,7721.75,828309,,,
NQ=F,9/30/2019 4:00,7735.5,7788.75,7705.75,7770.5,337872,,,
NQ=F,10/1/2019 4:00,7784,7841.5,7691,7695.5,478759,,,
NQ=F,10/2/2019 4:00,7711,7730.5,7525.5,7546.25,586568,,,
NQ=F,10/3/2019 4:00,7551.5,7661.5,7474.25,7658.5,582820,,,
NQ=F,10/4/2019 4:00,7656.75,7773.75,7624,7767.25,420539,,,
NQ=F,10/6/2019 4:00,7712.5,7747.25,7682.5,7742.25,594280,,,
NQ=F,10/7/2019 4:00,7712.5,7799.75,7682.5,7740,381262,,,
NQ=F,10/8/2019 4:00,7736,7784.5,7613.5,7622,552145,,,
NQ=F,10/9/2019 4:00,7621,7732,7604.5,7699.75,404170,,,
NQ=F,10/10/2019 4:00,7702.25,7798.75,7583.25,7760.25,535042,,,
NQ=F,10/11/2019 4:00,7783.25,7918.5,7767,7859,490521,,,
NQ=F,10/13/2019 4:00,7850.25,7893.25,7850,7888,473679,,,
NQ=F,10/14/2019 4:00,7850.25,7894.75,7807,7857.5,311101,,,
NQ=F,10/15/2019 4:00,7862.25,7971.75,7859.75,7959.75,347657,,,
NQ=F,10/16/2019 4:00,7960,7960.25,7907.5,7948.5,347550,,,
NQ=F,10/17/2019 4:00,7954.25,7994.75,7922,7952.75,368623,,,
NQ=F,10/18/2019 4:00,7953.75,7958.5,7835.75,7880.75,437753,,,
NQ=F,10/20/2019 4:00,7874.25,7892.5,7865.75,7888.25,440904,,,
NQ=F,10/21/2019 4:00,7874.25,7951.75,7865.75,7948.25,275031,,,
NQ=F,10/22/2019 4:00,7949.25,7988.75,7837.25,7858.75,377545,,,
NQ=F,10/23/2019 4:00,7846.25,7918.25,7810.25,7901.5,348671,,,
NQ=F,10/24/2019 4:00,7922.75,7984,7913.25,7928.25,380967,,,
NQ=F,10/25/2019 4:00,7928.5,8041.5,7918.5,8035.75,348318,,,
NQ=F,10/27/2019 4:00,8048,8062.75,8048,8056.75,487493,,,
NQ=F,10/28/2019 4:00,8048,8127.5,8048,8094.75,309114,,,
NQ=F,10/29/2019 4:00,8109.25,8118.75,8050.75,8055.25,351246,,,
NQ=F,10/30/2019 4:00,8057.25,8141,8020.5,8111.25,381307,,,
NQ=F,10/31/2019 4:00,8128.5,8139,8046,8090.25,448458,,,
NQ=F,11/1/2019 4:00,8094.25,8168,8084.5,8160.25,348326,,,
NQ=F,11/3/2019 4:00,8165,8181,8164,8178.75,103460,,,
NQ=F,11/4/2019 5:00,8165,8233.75,8164,8215.75,325479,,,
NQ=F,11/5/2019 5:00,8221.5,8248,8193.25,8210.75,305795,,,
NQ=F,11/6/2019 5:00,8208,8228.25,8161,8207.25,314414,,,
NQ=F,11/7/2019 5:00,8213.75,8282.25,8190,8230.5,366403,,,
NQ=F,11/8/2019 5:00,8230,8264.25,8190,8257.25,326871,,,
NQ=F,11/10/2019 5:00,8257.25,8261.75,8251.5,8254,64506,,,
NQ=F,11/11/2019 5:00,8257.25,8261.75,8206.5,8249.75,229844,,,
NQ=F,11/12/2019 5:00,8253.25,8300.25,8228.5,8275,316729,,,
NQ=F,11/13/2019 5:00,8273,8281.5,8220,8265.75,382042,,,
NQ=F,11/14/2019 5:00,8269,8285.5,8216.25,8265.5,381593,,,
NQ=F,11/15/2019 5:00,8267.5,8324,8261.25,8318.75,367145,,,
NQ=F,11/17/2019 5:00,8318.75,8323,8307.25,8308.25,100795,,,
NQ=F,11/18/2019 5:00,8318.75,8367,8279.25,8333.5,370609,,,
NQ=F,11/19/2019 5:00,8335,8379,8312.5,8341.5,373942,,,
NQ=F,11/20/2019 5:00,8333,8348,8231,8291.75,526978,,,
NQ=F,11/21/2019 5:00,8261.5,8308,8240,8274.5,411833,,,
NQ=F,11/22/2019 5:00,8280.25,8313.5,8233.25,8280.5,344497,,,
NQ=F,11/24/2019 5:00,8303.25,8311.75,8296.5,8302.75,170149,,,
NQ=F,11/25/2019 5:00,8303.25,8379.25,8296.5,8376.5,259485,,,
NQ=F,11/26/2019 5:00,8374.25,8422,8366.25,8400.75,285726,,,
NQ=F,11/27/2019 5:00,8402.75,8458.75,8397,8454.75,240866,,,
NQ=F,12/1/2019 5:00,8424.5,8435.25,8422.5,8431,146577,,,
NQ=F,12/2/2019 5:00,8424.5,8457.25,8276.5,8316,559474,,,
NQ=F,12/3/2019 5:00,8313.75,8337.5,8168.25,8251.25,614317,,,
NQ=F,12/4/2019 5:00,8258.75,8319.25,8220.5,8295.25,413647,,,
NQ=F,12/5/2019 5:00,8296.25,8340,8273.25,8309.25,370987,,,
NQ=F,12/6/2019 5:00,8311,8409.5,8307.75,8400.25,302782,,,
NQ=F,12/8/2019 5:00,8401.5,8415,8401,8405.25,66578,,,
NQ=F,12/9/2019 5:00,8401.5,8427.25,8347,8356,292419,,,
NQ=F,12/10/2019 5:00,8354.5,8398,8297,8363.75,403364,,,
NQ=F,12/11/2019 5:00,8366.25,8411,8345,8405.5,304183,,,
NQ=F,12/12/2019 5:00,8407.5,8497,8381,8465.25,554338,,,
NQ=F,12/13/2019 5:00,8485,8523.75,8435.5,8494,335038,,,
NQ=F,12/15/2019 5:00,8507,8516.5,8503.25,8509.25,59053,,,
NQ=F,12/16/2019 5:00,8507,8587.75,8503.25,8576,192050,,,
NQ=F,12/17/2019 5:00,8576,8596.75,8563.25,8576.25,145053,,,
NQ=F,12/18/2019 5:00,8569.75,8612,8567.75,8590.25,98301,,,
NQ=F,12/19/2019 5:00,8598,8655.5,8580.25,8642.5,65776,,,
NQ=F,12/20/2019 5:00,8651,8707.459961,8638.25,8707.459961,307870,,,
NQ=F,12/22/2019 5:00,8710.75,8723.5,8707.5,8722.25,147426,,,
NQ=F,12/23/2019 5:00,8710.75,8743.25,8707.5,8726.5,194915,,,
NQ=F,12/26/2019 5:00,8730.25,8805,8729,8804.25,170684,,,
NQ=F,12/27/2019 5:00,8801,8843.5,8769,8783.25,322888,,,
NQ=F,12/29/2019 5:00,8783.5,8799.5,8783,8797.75,169212,,,
NQ=F,12/30/2019 5:00,8783.5,8809.75,8691.25,8733.75,404047,,,
NQ=F,12/31/2019 5:00,8731.75,8772.25,8692.25,8752.25,284519,,,
NQ=F,1/2/2020 5:00,8776.75,8901.5,8769.5,8891.75,416637,,,
NQ=F,1/3/2020 5:00,8895.5,8907.25,8735.25,8810,599887,,,
NQ=F,1/5/2020 5:00,8772.25,8779.25,8747.75,8777.5,538211,,,
NQ=F,1/6/2020 5:00,8772.25,8873,8723,8847.5,469514,,,
NQ=F,1/7/2020 5:00,8853.25,8894.75,8825.75,8853,510004,,,
NQ=F,1/8/2020 5:00,8841.5,8972.25,8678,8944.5,723085,,,
NQ=F,1/9/2020 5:00,8948.75,9022.25,8932.5,9009,457262,,,
NQ=F,1/10/2020 5:00,9010,9055.5,8966.25,8978.25,472166,,,
NQ=F,1/12/2020 5:00,8979,8999.5,8979,8987.5,223863,,,
NQ=F,1/13/2020 5:00,8979,9095.5,8979,9088.25,380440,,,
NQ=F,1/14/2020 5:00,9087.75,9114.75,9035,9062.5,553343,,,
NQ=F,1/15/2020 5:00,9062,9096,9023,9060,497100,,,
NQ=F,1/16/2020 5:00,9061.75,9140.25,9061.5,9133.5,397881,,,
NQ=F,1/17/2020 5:00,9137,9189.25,9130,9174.5,438669,,,
NQ=F,1/19/2020 5:00,9174,9184.5,9168,9184.25,146148,,,
NQ=F,1/21/2020 5:00,9174,9199.75,9114.75,9169.75,532160,,,
NQ=F,1/22/2020 5:00,9179.5,9254,9174.25,9195.75,519015,,,
NQ=F,1/23/2020 5:00,9190,9253.5,9151.75,9248.25,616950,,,
NQ=F,1/24/2020 5:00,9252,9287.25,9109.5,9144.5,758796,,,
NQ=F,1/26/2020 5:00,9077,9077,8994,9011.25,1098059,,,
NQ=F,1/27/2020 5:00,9077,9077,8925.5,8954.5,792705,,,
NQ=F,1/28/2020 5:00,8952.5,9136.25,8952.5,9105.25,632550,,,
NQ=F,1/29/2020 5:00,9119.5,9158.75,9072.25,9098.5,578408,,,
NQ=F,1/30/2020 5:00,9111.25,9240,9003.5,9216.25,846585,,,
NQ=F,1/31/2020 5:00,9226.5,9248.75,8966,8997.75,898384,,,
NQ=F,2/2/2020 5:00,8982.75,9038.25,8975,9019.25,732576,,,
NQ=F,2/3/2020 5:00,8982.75,9155.75,8975,9114.25,680726,,,
NQ=F,2/4/2020 5:00,9099,9369.25,9073,9355,563913,,,
NQ=F,2/5/2020 5:00,9357,9462.75,9317.75,9381.5,729548,,,
NQ=F,2/6/2020 5:00,9390,9464,9362.5,9455.5,545054,,,
NQ=F,2/7/2020 5:00,9467,9471,9385,9409.5,592695,,,
NQ=F,2/9/2020 5:00,9401.5,9424,9330.75,9361.5,490693,,,
NQ=F,2/10/2020 5:00,9401.5,9531.5,9330.75,9527.5,500147,,,
NQ=F,2/11/2020 5:00,9525,9609.5,9501.25,9527.25,589570,,,
NQ=F,2/12/2020 5:00,9536.25,9628.25,9523.75,9625.75,454472,,,
NQ=F,2/13/2020 5:00,9621.5,9644.75,9511.25,9613,613580,,,
NQ=F,2/14/2020 5:00,9626.25,9659.25,9588,9632.25,489387,,,
NQ=F,2/16/2020 5:00,9635,9668.75,9634.25,9664.75,247254,,,
NQ=F,2/18/2020 5:00,9635,9687.5,9534.25,9636,668505,,,
NQ=F,2/19/2020 5:00,9643.25,9748.75,9641.25,9733.5,419130,,,
NQ=F,2/20/2020 5:00,9744.75,9763,9517,9624.25,802424,,,
NQ=F,2/21/2020 5:00,9617.25,9623.75,9411.5,9458,911839,,,
NQ=F,2/23/2020 5:00,9355.25,9365,9289,9321.5,936605,,,
NQ=F,2/24/2020 5:00,9355.25,9365,9041.25,9091,1171879,,,
NQ=F,2/25/2020 5:00,9091,9224.25,8810,8854.25,1344897,,,
NQ=F,2/26/2020 5:00,8868.25,9037.5,8709.5,8850.25,1251412,,,
NQ=F,2/27/2020 5:00,8811.5,8878.5,8334.25,8382.75,1580041,,,
NQ=F,2/28/2020 5:00,8347,8574.75,8126.25,8454,1527204,,,
NQ=F,3/1/2020 5:00,8347,8574.75,8126.25,8382.75,1513887,,,
NQ=F,3/2/2020 5:00,8349.25,8883.25,8224.25,8791.25,1373357,,,
NQ=F,3/3/2020 5:00,8830.5,9002.5,8511,8582.5,1295648,,,
NQ=F,3/4/2020 5:00,8557.5,8950,8508.25,8896.5,939032,,,
NQ=F,3/5/2020 5:00,8889,8899.75,8610.75,8648.75,954104,,,
NQ=F,3/6/2020 5:00,8677,8726.5,8310.5,8503.25,1097279,,,
NQ=F,3/8/2020 5:00,8677,8726.5,8310.5,8648.75,1086560,,,
NQ=F,3/9/2020 4:00,8369,8375,7820,7951.5,560913,,,
NQ=F,3/10/2020 4:00,7893.75,8378.75,7814.25,8331.5,982070,,,
NQ=F,3/11/2020 4:00,8317,8334.25,7892.75,8003.5,990236,,,
NQ=F,3/12/2020 4:00,7998.75,8108,7128.5,7215.25,876291,,,
NQ=F,3/13/2020 4:00,7100,7978,6942.5,7915.75,584274,,,
NQ=F,3/15/2020 4:00,7100,7978,6942.5,7215.25,578813,,,
NQ=F,3/16/2020 4:00,7903,7905.25,6927,7057.5,307368,,,
NQ=F,3/17/2020 4:00,7053,7552.25,6948.75,7405.25,317501,,,
NQ=F,3/18/2020 4:00,7386,7392.25,6830,7225.25,156283,,,
NQ=F,3/19/2020 4:00,7251.75,7521.5,6894.25,7293.5,115519,,,
NQ=F,3/20/2020 4:00,7195,7649,7153.5,7417.97998,562616,,,
NQ=F,3/22/2020 4:00,6798,6798,6628.75,6688.75,321230,,,
NQ=F,3/23/2020 4:00,6798,7316.25,6628.75,6984.5,633237,,,
NQ=F,3/24/2020 4:00,7005.75,7572.25,7005.75,7554.75,556553,,,
NQ=F,3/25/2020 4:00,7544.75,7761,7371.5,7467.75,656698,,,
NQ=F,3/26/2020 4:00,7483.5,7893.5,7310.25,7844,567711,,,
NQ=F,3/27/2020 4:00,7882.75,7893.25,7551.25,7568.5,443315,,,
NQ=F,3/29/2020 4:00,7395.75,7507.25,7367.25,7489.25,1256384,,,
NQ=F,3/30/2020 4:00,7395.75,7884,7365,7854.75,419576,,,
NQ=F,3/31/2020 4:00,7856.75,7995,7747.5,7786.25,424386,,,
NQ=F,4/1/2020 4:00,7772.5,7773.5,7404.25,7438.75,411364,,,
NQ=F,4/2/2020 4:00,7473.5,7656.25,7376,7627.25,436829,,,
NQ=F,4/3/2020 4:00,7623,7660.25,7423.5,7522.75,351874,,,
NQ=F,4/6/2020 4:00,7535.75,8099,7535.5,8029.75,396874,,,
NQ=F,4/7/2020 4:00,8034.25,8303.25,7948,8012,531043,,,
NQ=F,4/8/2020 4:00,8015,8242,7953.25,8189.75,424380,,,
NQ=F,4/9/2020 4:00,8195.25,8326.25,8101.75,8227.5,522648,,,
NQ=F,4/12/2020 4:00,8296,8327.5,8073.25,8115.75,1224003,,,
NQ=F,4/13/2020 4:00,8296,8338.75,8073.25,8327.25,385072,,,
NQ=F,4/14/2020 4:00,8337,8710,8319,8692.5,431916,,,
NQ=F,4/15/2020 4:00,8706.25,8707.5,8486.5,8594,407752,,,
NQ=F,4/16/2020 4:00,8576,8842.5,8500.5,8734.25,539163,,,
NQ=F,4/17/2020 4:00,8909.75,8966.75,8689.5,8809,509555,,,
NQ=F,4/19/2020 4:00,8757.25,8763.75,8733,8744.25,614923,,,
NQ=F,4/20/2020 4:00,8799.5,8846,8687,8692,427981,,,
NQ=F,4/21/2020 4:00,8695,8763,8342,8431.75,582449,,,
NQ=F,4/22/2020 4:00,8447,8700,8400,8638,373067,,,
NQ=F,4/23/2020 4:00,8636.25,8786.5,8580.5,8598.75,435112,,,
NQ=F,4/24/2020 4:00,8588.25,8780.25,8498.25,8769,380231,,,
NQ=F,4/26/2020 4:00,8759,8770,8730,8747,559091,,,
NQ=F,4/27/2020 4:00,8766,8898,8730,8824.25,355545,,,
NQ=F,4/28/2020 4:00,8819,8945.75,8654.5,8719.75,440939,,,
NQ=F,4/29/2020 4:00,8759.25,9118.75,8733.75,9036.5,432414,,,
NQ=F,4/30/2020 4:00,9109.5,9144.75,8856.5,8988.5,462961,,,
NQ=F,5/1/2020 4:00,8847,8879,8672,8718,414560,,,
NQ=F,5/3/2020 4:00,8624,8642.25,8562,8576,869209,,,
NQ=F,5/4/2020 4:00,8624,8828,8556.25,8795.5,381914,,,
NQ=F,5/5/2020 4:00,8806.25,9020,8798.5,8924.25,367233,,,
NQ=F,5/6/2020 4:00,8928.5,9056.5,8877.75,8952,414045,,,
NQ=F,5/7/2020 4:00,8947.5,9126,8930.25,9107.75,383884,,,
NQ=F,5/8/2020 4:00,9115,9238,9103.25,9218.25,362315,,,
NQ=F,5/10/2020 4:00,9194.75,9257.25,9174.75,9247.5,614023,,,
NQ=F,5/11/2020 4:00,9194.75,9339,9118.5,9279,398142,,,
NQ=F,5/12/2020 4:00,9282,9345.5,9040.5,9078.25,500539,,,
NQ=F,5/13/2020 4:00,9045.75,9202.75,8878.25,8992.25,703290,,,
NQ=F,5/14/2020 4:00,9012.75,9104,8847,9079.5,639071,,,
NQ=F,5/15/2020 4:00,9085.5,9148.5,8925.5,9096.5,537250,,,
NQ=F,5/17/2020 4:00,9135,9179,9110.25,9167.75,656571,,,
NQ=F,5/18/2020 4:00,9135,9361.5,9110.25,9325.5,398562,,,
NQ=F,5/19/2020 4:00,9316.25,9417.25,9283.75,9300.75,392499,,,
NQ=F,5/20/2020 4:00,9289.75,9498,9273,9485.5,369922,,,
NQ=F,5/21/2020 4:00,9494.75,9510.75,9352,9355.75,429220,,,
NQ=F,5/22/2020 4:00,9360.5,9422.5,9241.5,9406.25,365377,,,
NQ=F,5/24/2020 4:00,9448,9465,9438.75,9456.25,293371,,,
NQ=F,5/26/2020 4:00,9396.25,9604,9373,9406.5,486546,,,
NQ=F,5/27/2020 4:00,9409,9508,9172.5,9432.5,560524,,,
NQ=F,5/28/2020 4:00,9436.5,9565.5,9320.5,9460.25,510617,,,
NQ=F,5/29/2020 4:00,9453.5,9590.5,9372,9560.25,529700,,,
NQ=F,5/31/2020 4:00,9513,9524.5,9450.25,9506.25,1291900,,,
NQ=F,6/1/2020 4:00,9513,9605.75,9450.25,9595,345593,,,
NQ=F,6/2/2020 4:00,9590,9670,9504.75,9647.75,389908,,,
NQ=F,6/3/2020 4:00,9657.5,9728.25,9635.5,9684.75,376694,,,
NQ=F,6/4/2020 4:00,9685.5,9742.5,9572.25,9626.25,462358,,,
NQ=F,6/5/2020 4:00,9643.5,9846.25,9601.75,9808.5,513656,,,
NQ=F,6/7/2020 4:00,9819,9875,9808.25,9872,642419,,,
NQ=F,6/8/2020 4:00,9819,9901,9747,9884.75,391647,,,
NQ=F,6/9/2020 4:00,9887.25,10005.2002,9811.5,9951,437442,,,
NQ=F,6/10/2020 4:00,9960,10155.5,9958.5,10087.2002,557713,,,
NQ=F,6/11/2020 4:00,10086.2002,10107,9584.5,9616.75,828944,,,
NQ=F,6/12/2020 4:00,9616,9849.25,9494.75,9645,508840,,,
NQ=F,6/14/2020 4:00,9536.75,9585,9505,9552.75,722386,,,
NQ=F,6/15/2020 4:00,9536.75,9815.5,9381.75,9800.5,319211,,,
NQ=F,6/16/2020 4:00,9812.5,10013.7998,9797.75,9972.5,216305,,,
NQ=F,6/17/2020 4:00,9961.75,10059,9927,9994.5,100473,,,
NQ=F,6/18/2020 4:00,9995.25,10040.7998,9879.5,9995.75,67457,,,
NQ=F,6/19/2020 4:00,9997.25,10123.2002,9997.25,10120.7998,518436,,,
NQ=F,6/21/2020 4:00,9868,9906.75,9843.5,9904.5,954248,,,
NQ=F,6/22/2020 4:00,9868,10134.5,9843.5,10124.7998,354768,,,
NQ=F,6/23/2020 4:00,10121.5,10296.2002,9972.25,10196,406477,,,
NQ=F,6/24/2020 4:00,10183,10242,9927.25,10010.7998,661645,,,
NQ=F,6/25/2020 4:00,10005.2002,10107,9885.5,10088.2002,514249,,,
NQ=F,6/26/2020 4:00,10087,10120.5,9824.25,9865.5,576150,,,
NQ=F,6/28/2020 4:00,9785.5,9839.5,9780.25,9835.25,740788,,,
NQ=F,6/29/2020 4:00,9785.5,9997,9728.75,9973.75,479544,,,
NQ=F,6/30/2020 4:00,9983,10171.5,9940.25,10147.2002,422348,,,
NQ=F,7/1/2020 4:00,10141,10310,10076,10268.7998,402791,,,
NQ=F,7/2/2020 4:00,10258.5,10422.2002,10246.5,10355.7998,404764,,,
NQ=F,7/5/2020 4:00,10347.25,10398,10326,10395,431444,,,
NQ=F,7/6/2020 4:00,10352,10614.5,10308.7998,10598.5,486369,,,
NQ=F,7/7/2020 4:00,10600,10694.5,10505.7998,10532.2002,465212,,,
NQ=F,7/8/2020 4:00,10526,10673,10505.2002,10662.2002,481023,,,
NQ=F,7/9/2020 4:00,10674.2002,10774.2002,10560,10727.5,607385,,,
NQ=F,7/10/2020 4:00,10727,10847.5,10625.5,10837.2002,527570,,,
NQ=F,7/12/2020 4:00,10848.25,10909.5,10847.75,10887.25,837158,,,
NQ=F,7/13/2020 4:00,10848.2002,11058.5,10561.5,10600,736178,,,
NQ=F,7/14/2020 4:00,10602,10693,10358.7998,10646.2002,915009,,,
NQ=F,7/15/2020 4:00,10706,10766.5,10551.2002,10683.2002,719947,,,
NQ=F,7/16/2020 4:00,10693,10698.2002,10475.5,10511.7998,628898,,,
NQ=F,7/17/2020 4:00,10532.2002,10669.7998,10523.7998,10622.5,443143,,,
NQ=F,7/19/2020 4:00,10621.25,10657,10613.25,10648.25,523017,,,
NQ=F,7/20/2020 4:00,10621.2002,10964.5,10546.2002,10951,496402,,,
NQ=F,7/21/2020 4:00,10952.2002,11058,10784.7998,10851,587994,,,
NQ=F,7/22/2020 4:00,10850.7998,10916.2002,10761.2002,10804.2002,483851,,,
NQ=F,7/23/2020 4:00,10850,10938.5,10514.5,10548.2002,644189,,,
NQ=F,7/24/2020 4:00,10565.5,10597,10301,10459,652482,,,
NQ=F,7/26/2020 4:00,10490,10517.5,10401,10444,1165260,,,
NQ=F,7/27/2020 4:00,10490,10684,10401,10675.2002,444802,,,
NQ=F,7/28/2020 4:00,10682.5,10758.5,10514,10540,445252,,,
NQ=F,7/29/2020 4:00,10558,10699.7998,10512.2002,10674.2002,368010,,,
NQ=F,7/30/2020 4:00,10700,10897.2002,10502.7998,10794,521157,,,
NQ=F,7/31/2020 4:00,10906.5,10939,10691,10890.5,631553,,,
NQ=F,8/2/2020 4:00,10933.25,10942,10876.25,10896.75,463367,,,
NQ=F,8/3/2020 4:00,10933.2002,11073,10876.2002,11044.2002,389622,,,
NQ=F,8/4/2020 4:00,11054,11094.7998,10983,11086,395698,,,
NQ=F,8/5/2020 4:00,11080.5,11144,11055.7998,11091.7998,348822,,,
NQ=F,8/6/2020 4:00,11094,11271.7998,11051.2002,11261.2002,348822,,,
NQ=F,8/7/2020 4:00,11260.5,11283.2002,11035.2002,11122.7998,532554,,,
NQ=F,8/9/2020 4:00,11140.25,11156.5,11073,11104.25,648381,,,
NQ=F,8/10/2020 4:00,11140.2002,11156.5,10928.2002,11072,485730,,,
NQ=F,8/11/2020 4:00,11072.2002,11157.7998,10845.5,10878.5,561748,,,
NQ=F,8/12/2020 4:00,10928.5,11185.7998,10878.5,11126,434240,,,
NQ=F,8/13/2020 4:00,11115.5,11266,11094.2002,11175.2002,413661,,,
NQ=F,8/14/2020 4:00,11180.5,11237.7998,11096,11133.7998,398616,,,
NQ=F,8/16/2020 4:00,11145,11161.5,11142.25,11152.5,231703,,,
NQ=F,8/17/2020 4:00,11145,11300.5,11142.2002,11286.7998,246403,,,
NQ=F,8/18/2020 4:00,11285.5,11415.2002,11268,11409.2002,326816,,,
NQ=F,8/19/2020 4:00,11414.2002,11438,11299,11332,410893,,,
NQ=F,8/20/2020 4:00,11327,11496.5,11221.5,11477.2002,401137,,,
NQ=F,8/21/2020 4:00,11480,11573.5,11407,11562,414226,,,
NQ=F,8/23/2020 4:00,11581,11592.75,11571.75,11588.5,431560,,,
NQ=F,8/24/2020 4:00,11581,11722.5,11528.2002,11636.2002,617004,,,
NQ=F,8/25/2020 4:00,11636,11742.2002,11574.7998,11726.2002,495891,,,
NQ=F,8/26/2020 4:00,11741.75,12001.5,11726.75,11969.5,166872678,,,
NQ=F,8/27/2020 4:00,11984.5,12046,11834.7998,11952.7998,709346,,,
NQ=F,8/28/2020 4:00,11953.2002,12018.2002,11920.5,11991.7998,489066,,,
NQ=F,8/30/2020 4:00,12002.75,12043.25,11998,12041,401225,,,
NQ=F,8/31/2020 4:00,12002.7998,12165,11988.2002,12114,480979,,,
NQ=F,9/1/2020 4:00,12109.7998,12328.7998,12093,12312.5,518997,,,
NQ=F,9/2/2020 4:00,12325.5,12465.2002,12172.2002,12411.5,725395,,,
NQ=F,9/3/2020 4:00,12408.5,12438.7998,11658.5,11800.5,931583,,,
NQ=F,9/4/2020 4:00,11745,11843,11142,11548.7998,1202274,,,
NQ=F,9/8/2020 4:00,11531,11585,11040.5,11060.5,1012392,,,
NQ=F,9/9/2020 4:00,11006,11478.7998,10935.2002,11392.7998,720954,,,
NQ=F,9/10/2020 4:00,11377.7998,11566.7998,11088,11178.2002,885270,,,
NQ=F,9/11/2020 4:00,11187,11356.2002,10937.5,11061.5,495802,,,
NQ=F,9/14/2020 4:00,11104,11362.7998,11104,11280.5,322360,,,
NQ=F,9/15/2020 4:00,11278.5,11495.5,11247.7998,11464.2002,224404,,,
NQ=F,9/16/2020 4:00,11467.5,11550,11237.5,11268.7998,167828,,,
NQ=F,9/17/2020 4:00,11269.5,11302.5,10918.7998,11090,157390,,,
NQ=F,9/18/2020 4:00,11082,11179.2002,11037.2002,11144.7998,800279,,,
NQ=F,9/21/2020 4:00,10920,11009.7998,10656.5,10989,727984,,,
NQ=F,9/22/2020 4:00,10966.2002,11191,10897.5,11149.5,573572,,,
NQ=F,9/23/2020 4:00,11160.5,11222,10786,10829,656111,,,
NQ=F,9/24/2020 4:00,10803.5,11011.7998,10660.2002,10891.7998,791934,,,
NQ=F,9/25/2020 4:00,10914.2002,11166.2002,10813.7998,11136.5,600725,,,
NQ=F,9/28/2020 4:00,11145,11404,11140.2002,11394.7998,568217,,,
NQ=F,9/29/2020 4:00,11388,11448.7998,11289.5,11337.7998,444170,,,
NQ=F,9/30/2020 4:00,11321,11526,11167,11407.2002,647968,,,
NQ=F,10/1/2020 4:00,11375,11599.2002,11375,11574.7998,580589,,,
NQ=F,10/2/2020 4:00,11566.7998,11604.7998,11204.5,11233.2002,806629,,,
NQ=F,10/5/2020 4:00,11308.5,11497.5,11267.5,11469.2002,398444,,,
NQ=F,10/6/2020 4:00,11473,11524.5,11197.5,11273.7998,612278,,,
NQ=F,10/7/2020 4:00,11220.5,11506.5,11208,11470,443046,,,
NQ=F,10/8/2020 4:00,11473.2002,11578.7998,11469.7998,11539,403379,,,
NQ=F,10/9/2020 4:00,11562,11739,11552.5,11724.7998,408445,,,
NQ=F,10/12/2020 4:00,11722.7998,12197,11687.7998,12098.2002,756438,,,
NQ=F,10/13/2020 4:00,12100,12249,12019,12094,754735,,,
NQ=F,10/14/2020 4:00,12079.7998,12178,11901.7998,11974.2002,597198,,,
NQ=F,10/15/2020 4:00,11950,11983.2002,11736.5,11874,595926,,,
NQ=F,10/16/2020 4:00,11891,12022,11792,11798,527026,,,
NQ=F,10/19/2020 4:00,11816.7998,11950.5,11591.2002,11650.2002,623203,,,
NQ=F,10/20/2020 4:00,11697.5,11792,11598.5,11660.7998,622702,,,
NQ=F,10/21/2020 4:00,11675.2002,11779.2002,11585,11691.2002,599851,,,
NQ=F,10/22/2020 4:00,11683.5,11724,11511,11649.7998,583669,,,
NQ=F,10/23/2020 4:00,11669.2002,11691.7998,11551,11663.5,501243,,,
NQ=F,10/26/2020 4:00,11634,11695.5,11343.2002,11492.2002,674142,,,
NQ=F,10/27/2020 4:00,11499.5,11623,11478.2002,11588,551642,,,
NQ=F,10/28/2020 4:00,11558.5,11566.7998,11123.7998,11132.7998,749420,,,
NQ=F,10/29/2020 4:00,11180.5,11457.7998,11145,11342.7998,606325,,,
NQ=F,10/30/2020 4:00,11213.2002,11281.2002,10944.5,11046.2002,801978,,,
NQ=F,11/2/2020 5:00,11034.5,11212,10942.2002,11063.2002,602651,,,
NQ=F,11/3/2020 5:00,11074.7998,11347,11064.5,11265.7998,509496,,,
NQ=F,11/4/2020 5:00,11264,11843.7998,11230.2002,11763,842617,,,
NQ=F,11/5/2020 5:00,11830,12119.5,11771.2002,12076.5,578443,,,
NQ=F,11/6/2020 5:00,12088.5,12109,11868.2002,12075,552483,,,
NQ=F,11/9/2020 5:00,12139.2002,12408.7998,11812.2002,11820.5,731881,,,
NQ=F,11/10/2020 5:00,11863.5,11901.5,11503.2002,11618.2002,834533,,,
NQ=F,11/11/2020 5:00,11632.2002,11917.7998,11575.2002,11886,546218,,,
NQ=F,11/12/2020 5:00,11898.5,11975.7998,11775.7998,11820,554930,,,
NQ=F,11/13/2020 5:00,11857,11952.7998,11801.7998,11933.5,445512,,,
NQ=F,11/16/2020 5:00,11957.2002,12065,11851.7998,12005,471101,,,
NQ=F,11/17/2020 5:00,12061.2002,12096.2002,11953.7998,11975,401505,,,
NQ=F,11/18/2020 5:00,11972,12027.5,11861.5,11897,475826,,,
NQ=F,11/19/2020 5:00,11876,12000,11804.5,11987.2002,421691,,,
NQ=F,11/20/2020 5:00,11960,12021,11873.5,11905.7998,358180,,,
NQ=F,11/23/2020 5:00,11894,12001.7998,11808.2002,11905.2002,425777,,,
NQ=F,11/24/2020 5:00,11909.7998,12104.5,11872.7998,12076,401635,,,
NQ=F,11/25/2020 5:00,12098.5,12177.7998,12077.5,12152.2002,386232,,,
NQ=F,11/30/2020 5:00,12286.5,12337.2002,12086,12277,493064,,,
NQ=F,12/1/2020 5:00,12336,12512.2002,12312,12452.2002,464023,,,
NQ=F,12/2/2020 5:00,12456.2002,12473.5,12312.5,12454.2002,400405,,,
NQ=F,12/3/2020 5:00,12472,12540.2002,12444,12462.2002,376884,,,
NQ=F,12/4/2020 5:00,12487,12535.7998,12448.5,12526,321796,,,
NQ=F,12/7/2020 5:00,12525,12612.2002,12474.7998,12596,323774,,,
NQ=F,12/8/2020 5:00,12574,12652.5,12502,12637.5,365422,,,
NQ=F,12/9/2020 5:00,12657.2002,12675,12306.7998,12367,635769,,,
NQ=F,12/10/2020 5:00,12342.7998,12449,12218.2002,12402,529843,,,
NQ=F,12/11/2020 5:00,12391,12414.2002,12234.2002,12368,361860,,,
NQ=F,12/14/2020 5:00,12405.5,12545,12386.5,12456.5,296143,,,
NQ=F,12/15/2020 5:00,12460.5,12604.7998,12417,12591.7998,223263,,,
NQ=F,12/16/2020 5:00,12599.5,12699.7998,12567.7998,12665.2002,153920,,,
NQ=F,12/17/2020 5:00,12677,12766.2002,12667.5,12751,84472,,,
NQ=F,12/18/2020 5:00,12744.2002,12823,12708,12800.09961,460979,,,
NQ=F,12/21/2020 5:00,12760,12782.5,12461,12683.5,606583,,,
NQ=F,12/22/2020 5:00,12698.2002,12760,12593.5,12710,457270,,,
NQ=F,12/23/2020 5:00,12704.7998,12738.7998,12623.5,12651.2002,358011,,,
NQ=F,12/28/2020 5:00,12676.2002,12855.5,12655.2002,12832.7998,346691,,,
NQ=F,12/29/2020 5:00,12845.2002,12918.2002,12808.2002,12841,393995,,,
NQ=F,12/30/2020 5:00,12860.7998,12909.7998,12820.5,12841.5,334304,,,
NQ=F,12/31/2020 5:00,12840,12896,12796.5,12885.5,280573,,,
NQ=F,1/4/2021 5:00,12889,12959.7998,12522.5,12685.5,650472,,,
NQ=F,1/5/2021 5:00,12682.7998,12809,12612,12793.5,483173,,,
NQ=F,1/6/2021 5:00,12800.2002,12844.2002,12491.2002,12616.7998,755618,,,
NQ=F,1/7/2021 5:00,12658.5,12959,12646.5,12928,435939,,,
NQ=F,1/8/2021 5:00,12927,13125,12919,13097.2002,508107,,,
NQ=F,1/11/2021 5:00,13093.2002,13105.2002,12871.7998,12897,454751,,,
NQ=F,1/12/2021 5:00,12910.7998,12959,12767.2002,12890.2002,461733,,,
NQ=F,1/13/2021 5:00,12882.5,13003,12820.7998,12972.2002,416295,,,
NQ=F,1/14/2021 5:00,12975.5,13028.7998,12881,12901,417583,,,
NQ=F,1/15/2021 5:00,12909,12931.2002,12743.5,12802.2002,417583,,,
NQ=F,1/19/2021 21:10,12774.25,13006.5,12727,13001,473952,,,
